Id,Area,Bedrooms,Bathrooms,Floors,YearBuilt,Location,Condition,Garage,Price,HouseAge
1,1360,5,4,3,1970,Downtown,Excellent,0,149919,55
2,4272,5,4,3,1958,Downtown,Excellent,0,424998,67
3,3592,2,2,3,1938,Downtown,Good,0,266746,87
4,966,4,2,2,1902,Suburban,Fair,1,244020,123
5,4926,1,4,2,1975,Downtown,Fair,1,636056,50
6,3944,1,2,1,1906,Urban,Poor,0,93262,119
7,3671,1,1,2,1948,Rural,Poor,1,448722,77
8,3419,2,4,1,1925,Suburban,Good,1,594893,100
9,630,2,2,1,1932,Rural,Poor,1,652878,93
10,2185,3,3,1,2000,Downtown,Poor,0,340375,25
11,1269,1,4,2,1947,Suburban,Poor,1,653685,78
12,2891,4,4,3,1978,Urban,Excellent,1,127123,47
13,2933,4,3,2,1901,Downtown,Poor,0,849947,124
14,1684,1,1,1,2004,Rural,Good,0,399355,21
15,3885,1,3,1,1970,Urban,Fair,1,481838,55
16,4617,1,4,2,1931,Downtown,Poor,0,853032,94
17,3404,2,1,1,1903,Urban,Fair,1,208964,122
18,974,2,2,1,1919,Downtown,Poor,1,905742,106
19,1582,2,2,2,2013,Suburban,Good,0,989305,12
20,3058,5,2,2,2016,Downtown,Excellent,0,218767,9
21,2547,4,4,2,1935,Suburban,Good,1,996357,90
22,3247,4,3,1,1931,Downtown,Excellent,0,709789,94
23,1475,3,1,1,1927,Downtown,Poor,0,709966,98
24,2306,2,2,3,1976,Rural,Poor,1,447694,49
25,689,5,1,3,1900,Urban,Excellent,1,688668,125
26,3234,5,4,2,1959,Urban,Good,1,527032,66
27,3505,4,2,3,1955,Urban,Good,1,745494,70
28,2399,2,4,1,1934,Downtown,Excellent,1,513179,91
29,1767,3,3,3,2011,Downtown,Poor,1,948212,14
30,2028,2,4,1,1929,Downtown,Excellent,0,206547,96
31,3702,1,4,2,1953,Suburban,Poor,0,902609,72
32,4056,2,3,2,1935,Suburban,Excellent,1,727090,90
33,4390,1,1,1,2020,Rural,Poor,0,202185,5
34,1146,1,3,3,1954,Downtown,Excellent,0,725371,71
35,3388,3,3,2,1988,Urban,Fair,1,105746,37
36,2935,4,4,2,1979,Urban,Poor,0,959507,46
37,1100,2,1,3,1957,Rural,Good,0,748213,68
38,2863,1,2,3,1982,Urban,Excellent,1,921627,43
39,2561,2,3,1,1964,Rural,Good,0,873250,61
40,741,4,1,3,1968,Downtown,Excellent,0,218393,57
41,2541,4,3,3,1950,Urban,Good,1,333453,75
42,3324,5,3,3,1921,Downtown,Good,0,986192,104
43,3112,4,3,1,1987,Suburban,Excellent,0,340320,38
44,1863,3,3,1,2006,Urban,Excellent,0,643167,19
45,1978,1,4,2,2008,Suburban,Good,1,641880,17
46,3056,5,1,1,2015,Urban,Good,1,396872,10
47,1275,3,1,2,2000,Downtown,Good,0,270084,25
48,4514,2,1,3,1952,Rural,Poor,0,976920,73
49,534,1,3,2,1999,Downtown,Poor,1,771782,26
50,3652,4,4,2,1935,Downtown,Fair,1,845016,90
51,2455,1,3,3,1967,Downtown,Poor,0,698843,58
52,2085,2,3,2,1935,Urban,Poor,1,405446,90
53,4443,5,1,1,1951,Rural,Excellent,0,958840,74
54,3573,5,3,1,1952,Suburban,Fair,0,593118,73
55,1521,5,2,1,1981,Downtown,Fair,1,266897,44
56,3961,4,3,1,1949,Urban,Poor,1,826522,76
57,3113,3,2,2,1979,Suburban,Excellent,0,913498,46
58,4343,3,3,2,1940,Downtown,Excellent,0,840023,85
59,2000,1,4,3,1917,Suburban,Fair,1,143878,108
60,661,4,4,2,1921,Downtown,Excellent,0,175407,104
61,4797,5,1,2,1965,Suburban,Good,1,691157,60
62,2481,5,3,2,1920,Suburban,Poor,1,307716,105
63,1495,2,2,3,1999,Rural,Good,1,857827,26
64,3842,2,2,1,1943,Rural,Fair,1,66738,82
65,4298,5,3,2,2002,Downtown,Fair,1,183703,23
66,1775,5,2,3,1946,Urban,Excellent,0,723265,79
67,1516,4,4,3,1938,Rural,Excellent,1,593344,87
68,837,3,2,3,1928,Suburban,Fair,1,815034,97
69,1378,2,1,1,1953,Rural,Fair,1,560241,72
70,1576,3,4,2,1989,Rural,Good,1,433800,36
71,4493,4,4,3,1984,Downtown,Good,1,689604,41
72,879,5,4,1,1916,Rural,Excellent,1,740807,109
73,992,3,3,3,1979,Rural,Good,1,628706,46
74,2562,5,3,3,1959,Suburban,Excellent,0,873622,66
75,4384,5,4,3,1930,Rural,Excellent,0,76014,95
76,564,1,3,3,2014,Suburban,Poor,0,778359,11
77,3068,3,2,3,1972,Rural,Excellent,0,813277,53
78,2527,3,3,1,1994,Rural,Good,1,231350,31
79,3195,5,3,2,1977,Urban,Fair,0,961995,48
80,1995,4,4,2,1948,Rural,Fair,1,838212,77
81,891,1,1,2,2000,Suburban,Good,0,534859,25
82,4974,5,1,2,1901,Suburban,Fair,0,764618,124
83,4061,2,1,1,2015,Downtown,Excellent,1,540339,10
84,2778,2,2,1,1947,Downtown,Fair,1,92192,78
85,3599,1,3,1,2009,Urban,Good,0,941307,16
86,700,4,1,3,1913,Suburban,Fair,0,411273,112
87,3604,5,4,3,1958,Suburban,Excellent,0,93923,67
88,2954,3,1,3,1996,Suburban,Excellent,0,663484,29
89,4145,1,1,2,1998,Urban,Good,1,576683,27
90,1304,4,3,3,1957,Suburban,Good,0,414593,68
91,3231,3,3,2,2002,Downtown,Good,0,433891,23
92,3273,2,3,3,1957,Urban,Poor,0,802744,68
93,2070,2,2,2,2010,Downtown,Poor,0,458995,15
94,3190,3,2,3,1950,Downtown,Excellent,0,645316,75
95,4340,1,1,3,1983,Urban,Poor,1,997226,42
96,1528,2,3,1,1901,Rural,Poor,1,450327,124
97,1002,5,1,3,2014,Rural,Fair,1,816751,11
98,4993,3,4,3,1940,Downtown,Poor,1,715344,85
99,1370,3,4,1,1982,Rural,Fair,1,929608,43
100,4988,2,3,2,2022,Suburban,Good,0,777688,3
101,706,1,3,1,2000,Urban,Fair,1,305315,25
102,1984,5,4,1,1981,Downtown,Fair,1,339068,44
103,1363,1,3,2,1915,Suburban,Good,0,495919,110
104,3290,4,2,3,1903,Rural,Good,1,344721,122
105,1063,4,2,2,1911,Suburban,Excellent,1,188783,114
106,4691,2,3,3,1928,Rural,Excellent,1,659836,97
107,2257,2,4,3,1906,Downtown,Excellent,1,307288,119
108,2178,2,1,2,1913,Suburban,Excellent,0,543085,112
109,3742,4,3,1,2018,Urban,Fair,0,545187,7
110,1559,1,3,2,1911,Downtown,Fair,1,699381,114
111,2222,1,1,3,1998,Suburban,Excellent,0,285835,27
112,3814,2,3,2,1904,Suburban,Poor,1,971600,121
113,3657,5,1,2,1980,Rural,Excellent,0,902987,45
114,3125,1,4,3,2021,Downtown,Poor,0,401992,4
115,3229,4,2,1,2005,Downtown,Good,0,256084,20
116,2097,3,4,2,1931,Downtown,Fair,0,844686,94
117,3560,3,2,3,1973,Downtown,Fair,0,437554,52
118,3193,3,1,3,1942,Rural,Poor,0,803315,83
119,4127,5,2,2,1980,Urban,Excellent,0,520336,45
120,1863,2,4,1,1968,Downtown,Fair,0,973469,57
121,2481,4,2,2,1944,Rural,Poor,0,258072,81
122,2163,5,1,1,2005,Urban,Good,0,298029,20
123,2029,4,2,1,1908,Urban,Good,0,259047,117
124,2538,4,3,1,1948,Rural,Fair,1,415169,77
125,3802,2,4,1,1932,Downtown,Excellent,0,180509,93
126,2737,3,3,2,1999,Urban,Poor,1,812072,26
127,1806,2,1,3,1999,Downtown,Fair,0,345107,26
128,4529,5,2,3,1917,Downtown,Good,1,577561,108
129,3175,5,3,3,1908,Suburban,Excellent,1,589618,117
130,1782,5,3,3,1961,Downtown,Poor,1,202566,64
131,1209,2,2,3,1956,Suburban,Fair,0,650710,69
132,4913,4,2,3,1928,Urban,Poor,0,958521,97
133,4248,4,4,2,2013,Rural,Excellent,0,53212,12
134,1163,1,3,1,1977,Suburban,Excellent,0,282131,48
135,2498,5,3,3,1924,Rural,Good,1,526657,101
136,3945,4,1,2,1914,Urban,Excellent,0,661882,111
137,4243,1,4,3,1905,Downtown,Fair,0,182152,120
138,1995,4,1,3,2019,Urban,Poor,0,344819,6
139,3804,5,3,1,1941,Rural,Excellent,0,72007,84
140,4263,3,1,1,1928,Urban,Excellent,0,688093,97
141,2353,5,3,1,1978,Downtown,Fair,0,394785,47
142,1791,2,3,3,1992,Urban,Poor,0,670103,33
143,4081,4,1,3,1903,Downtown,Poor,0,883247,122
144,3957,4,1,3,1981,Suburban,Good,1,919914,44
145,2136,2,2,1,2013,Rural,Good,1,837071,12
146,4196,2,2,2,1956,Downtown,Poor,0,375737,69
147,3499,3,2,3,1948,Downtown,Fair,0,562164,77
148,3652,4,3,3,1943,Urban,Fair,0,128038,82
149,1198,4,1,3,2002,Suburban,Good,0,406043,23
150,2660,3,4,2,1979,Downtown,Excellent,1,840168,46
151,4597,1,3,3,1974,Suburban,Fair,1,827794,51
152,1354,3,4,2,1913,Suburban,Excellent,0,66473,112
153,3974,5,1,3,1902,Urban,Fair,1,703059,123
154,2207,4,3,2,2014,Downtown,Poor,1,175801,11
155,3277,2,4,3,2013,Urban,Good,0,944030,12
156,2233,5,4,1,1961,Rural,Excellent,0,660911,64
157,4010,4,2,1,2005,Rural,Excellent,0,558252,20
158,702,3,2,1,1963,Downtown,Poor,1,275097,62
159,3755,5,2,1,2001,Suburban,Fair,1,348964,24
160,4718,4,3,3,1944,Downtown,Excellent,0,265933,81
161,4996,1,1,1,2005,Downtown,Fair,0,369733,20
162,1266,1,1,2,1981,Rural,Poor,1,771167,44
163,4889,2,2,1,1957,Rural,Good,1,330558,68
164,2827,4,2,1,1919,Suburban,Excellent,0,439522,106
165,3431,1,2,1,1957,Suburban,Fair,1,74220,68
166,697,3,4,3,2011,Downtown,Excellent,0,634819,14
167,2430,4,2,1,1988,Urban,Fair,0,422146,37
168,4082,3,4,2,1956,Downtown,Fair,1,557409,69
169,1108,3,1,1,2001,Suburban,Fair,1,747785,24
170,3772,1,3,1,1976,Urban,Poor,1,59387,49
171,1647,4,3,1,1967,Rural,Good,0,295752,58
172,4782,5,3,2,2018,Suburban,Excellent,0,651103,7
173,3897,1,3,1,1977,Suburban,Good,0,601872,48
174,3011,1,4,2,1996,Urban,Fair,0,619071,29
175,2294,4,4,2,1991,Suburban,Fair,0,745169,34
176,1159,4,2,1,1951,Suburban,Good,0,759687,74
177,3311,3,4,2,1936,Suburban,Good,1,698782,89
178,1869,4,2,3,1907,Suburban,Excellent,0,690102,118
179,2486,3,2,1,1943,Suburban,Fair,0,300139,82
180,646,1,3,1,1997,Suburban,Good,0,967184,28
181,3719,2,4,2,2007,Suburban,Poor,0,550228,18
182,3411,5,4,2,1904,Suburban,Fair,1,716217,121
183,2234,1,2,1,2017,Rural,Fair,0,747621,8
184,2343,4,2,3,1968,Suburban,Excellent,1,910020,57
185,988,5,1,2,1930,Rural,Poor,1,984499,95
186,3476,2,1,2,1944,Rural,Excellent,0,296509,81
187,2459,2,2,3,1908,Downtown,Poor,0,63580,117
188,2885,3,1,3,2005,Downtown,Excellent,1,592528,20
189,3419,5,1,1,1931,Rural,Poor,1,828639,94
190,2302,3,2,3,1932,Rural,Poor,0,395590,93
191,4561,1,2,1,1966,Suburban,Poor,1,518968,59
192,3869,5,4,3,1929,Downtown,Good,0,940965,96
193,762,1,2,2,2013,Urban,Fair,0,828559,12
194,1123,3,2,1,1975,Downtown,Poor,1,533663,50
195,1516,5,3,1,1928,Rural,Good,0,478082,97
196,4143,3,4,1,1902,Rural,Good,0,655262,123
197,2549,5,4,3,1989,Suburban,Excellent,0,647689,36
198,4223,3,4,2,1956,Suburban,Fair,1,263165,69
199,3608,2,3,1,1929,Downtown,Fair,1,455427,96
200,4590,3,2,1,1908,Suburban,Excellent,1,502201,117
201,2556,2,4,1,1925,Urban,Fair,0,214340,100
202,3670,3,4,1,1901,Urban,Excellent,1,840078,124
203,2182,5,1,2,1961,Suburban,Good,1,760731,64
204,2755,5,4,3,1902,Urban,Good,1,822411,123
205,1654,5,2,2,1945,Urban,Poor,0,354960,80
206,4999,4,2,1,1967,Downtown,Excellent,0,139460,58
207,3691,1,1,2,1924,Urban,Good,1,356256,101
208,2196,5,4,1,1950,Rural,Good,1,101048,75
209,4491,2,4,3,1912,Rural,Excellent,1,780806,113
210,2148,5,4,3,2002,Downtown,Good,0,182850,23
211,1945,4,3,3,1943,Suburban,Fair,1,882184,82
212,4699,2,4,1,1934,Downtown,Good,0,528193,91
213,4423,4,2,2,1954,Suburban,Excellent,0,907158,71
214,753,2,2,3,1986,Suburban,Fair,0,786200,39
215,3683,3,3,1,1908,Suburban,Fair,1,994793,117
216,3057,1,3,1,1901,Suburban,Good,1,356932,124
217,598,1,4,2,1960,Suburban,Poor,0,316891,65
218,2700,4,1,3,2017,Downtown,Fair,0,574333,8
219,3461,1,3,1,1940,Suburban,Excellent,0,582046,85
220,4933,4,3,2,1943,Urban,Poor,0,829685,82
221,4277,4,4,3,1963,Urban,Poor,1,961508,62
222,3369,4,4,2,1930,Suburban,Fair,1,728797,95
223,3734,1,3,2,2007,Urban,Good,0,724945,18
224,4291,4,1,1,1946,Rural,Poor,0,190926,79
225,1456,1,3,1,1901,Downtown,Good,0,233148,124
226,4567,4,4,1,1995,Downtown,Fair,1,893382,30
227,660,5,4,2,1981,Suburban,Excellent,0,722709,44
228,4993,4,3,1,1976,Suburban,Poor,1,801588,49
229,1800,2,1,2,2009,Rural,Excellent,0,726708,16
230,4487,4,3,2,1968,Suburban,Good,1,215368,57
231,2027,3,3,1,1957,Urban,Good,1,544496,68
232,1718,4,4,3,2005,Rural,Excellent,0,69455,20
233,4996,2,1,3,1943,Urban,Fair,1,784184,82
234,3604,2,2,3,1973,Downtown,Fair,1,515139,52
235,3235,1,1,2,1955,Urban,Poor,1,281897,70
236,1454,5,3,2,1942,Downtown,Poor,1,482509,83
237,3946,4,3,2,1988,Urban,Fair,0,542646,37
238,1545,1,3,1,1933,Downtown,Fair,0,662840,92
239,2193,5,1,2,2000,Suburban,Excellent,0,882548,25
240,3936,4,4,1,1929,Urban,Good,0,432605,96
241,1062,3,3,1,1970,Downtown,Good,0,614772,55
242,2985,4,3,3,1969,Urban,Poor,1,997719,56
243,3854,2,1,3,2017,Rural,Fair,1,393782,8
244,725,2,2,3,1954,Suburban,Excellent,1,708764,71
245,1459,3,2,1,1966,Downtown,Poor,1,218332,59
246,3567,1,4,1,1912,Rural,Excellent,0,150647,113
247,1315,5,4,1,1902,Urban,Fair,0,639930,123
248,3620,4,3,2,1925,Rural,Fair,1,786091,100
249,516,2,1,1,1956,Urban,Fair,0,882441,69
250,1743,1,3,3,1923,Suburban,Good,1,178824,102
251,2705,3,4,3,1952,Rural,Fair,1,823202,73
252,3024,2,1,1,1969,Suburban,Poor,0,866037,56
253,1569,3,1,1,1942,Downtown,Good,0,685167,83
254,3944,4,4,3,1959,Urban,Excellent,0,695115,66
255,3065,5,2,1,1957,Urban,Poor,0,317724,68
256,1560,2,2,3,1948,Suburban,Poor,0,951334,77
257,2827,2,1,2,1941,Suburban,Excellent,0,317544,84
258,3920,4,3,3,1975,Downtown,Good,0,745003,50
259,801,1,2,2,2012,Rural,Poor,1,801545,13
260,4776,5,3,1,1999,Urban,Poor,0,932464,26
261,1106,2,2,1,1965,Urban,Poor,1,177319,60
262,3670,5,2,2,1910,Downtown,Good,1,562193,115
263,1199,2,3,1,2002,Downtown,Good,0,529389,23
264,1639,5,4,2,1997,Suburban,Good,1,156960,28
265,690,3,2,1,1989,Suburban,Poor,0,89015,36
266,2800,2,2,3,1917,Rural,Fair,1,383857,108
267,1480,5,3,1,1984,Downtown,Excellent,1,778165,41
268,3475,1,4,3,1999,Rural,Fair,1,982478,26
269,1684,3,2,3,2003,Downtown,Good,0,195109,22
270,3827,3,2,2,1951,Urban,Poor,1,527508,74
271,3894,1,4,1,1945,Downtown,Poor,1,836351,80
272,627,5,2,2,1943,Downtown,Fair,1,983671,82
273,2565,4,4,1,1921,Urban,Fair,0,138754,104
274,2316,1,4,3,1952,Downtown,Excellent,1,271775,73
275,1069,5,3,3,1958,Rural,Poor,0,355292,67
276,2395,1,1,1,1993,Suburban,Fair,1,777513,32
277,3233,1,4,1,2013,Suburban,Excellent,1,726894,12
278,4363,2,3,2,2006,Rural,Good,1,796355,19
279,4514,5,1,1,2023,Urban,Fair,0,959222,2
280,3401,4,2,1,1929,Downtown,Good,1,922510,96
281,2186,2,1,1,1907,Rural,Excellent,1,106879,118
282,3509,1,4,2,1997,Suburban,Good,1,169894,28
283,654,1,4,1,1956,Suburban,Poor,1,640127,69
284,3037,1,4,3,2010,Rural,Poor,0,79756,15
285,1909,5,4,2,1972,Suburban,Good,1,718043,53
286,4557,5,4,2,2014,Rural,Poor,1,230557,11
287,1284,2,3,3,1919,Suburban,Excellent,1,279303,106
288,3675,4,4,3,2003,Rural,Poor,1,454241,22
289,4841,2,3,3,1924,Downtown,Good,0,724075,101
290,3306,3,2,1,1918,Downtown,Good,1,541599,107
291,1037,1,4,3,1904,Downtown,Good,1,545283,121
292,2341,1,4,1,1974,Downtown,Fair,0,667231,51
293,2955,1,1,2,1978,Suburban,Good,1,792476,47
294,1024,2,2,2,1971,Urban,Excellent,1,198188,54
295,3450,2,4,3,1982,Rural,Poor,1,611032,43
296,4631,1,4,1,1986,Urban,Poor,0,174697,39
297,4615,2,2,3,1926,Suburban,Fair,1,530795,99
298,2868,5,3,3,1939,Suburban,Fair,0,690360,86
299,4347,5,4,1,1995,Urban,Excellent,0,445340,30
300,4995,2,1,3,1925,Urban,Good,0,286028,100
301,3201,1,4,2,1926,Suburban,Fair,0,743411,99
302,1471,2,1,3,1961,Suburban,Poor,0,57176,64
303,1666,2,1,1,1982,Rural,Fair,0,927742,43
304,3274,2,4,1,1949,Downtown,Fair,0,826653,76
305,2482,3,4,2,1941,Downtown,Good,1,508034,84
306,1353,5,1,1,1928,Rural,Fair,1,563611,97
307,4646,4,2,1,1938,Urban,Excellent,0,199748,87
308,4236,4,2,2,1959,Suburban,Poor,0,95177,66
309,4269,3,4,3,1940,Urban,Good,0,533512,85
310,1074,2,3,2,1932,Downtown,Poor,0,160623,93
311,3761,3,2,3,1982,Downtown,Excellent,0,575285,43
312,1648,3,4,2,2000,Urban,Excellent,0,502546,25
313,2215,1,2,3,1982,Downtown,Fair,1,546184,43
314,4354,5,3,2,1996,Suburban,Fair,1,694467,29
315,2991,4,4,3,2010,Rural,Fair,0,297439,15
316,3160,2,3,2,1915,Urban,Poor,0,694691,110
317,3624,4,4,3,1922,Suburban,Excellent,0,978735,103
318,3551,4,3,2,1906,Suburban,Good,1,145287,119
319,504,5,2,1,1925,Downtown,Fair,0,169574,100
320,1376,4,2,3,1995,Suburban,Poor,1,830751,30
321,1491,4,3,2,1911,Urban,Fair,1,171509,114
322,4642,3,3,3,1971,Suburban,Excellent,1,397591,54
323,4864,5,3,3,1904,Rural,Good,0,945954,121
324,4965,1,4,2,2005,Suburban,Excellent,0,499181,20
325,1135,2,2,3,1991,Suburban,Poor,1,393288,34
326,2193,4,4,2,2016,Rural,Fair,1,822793,9
327,2182,2,2,1,1968,Suburban,Excellent,1,242589,57
328,619,1,1,3,1948,Suburban,Poor,1,929125,77
329,1330,2,4,1,1925,Downtown,Fair,0,406459,100
330,4175,1,2,3,1904,Urban,Good,1,538720,121
331,1869,3,2,3,1921,Downtown,Excellent,0,863819,104
332,1240,4,4,3,1978,Urban,Fair,1,54090,47
333,616,1,4,2,1912,Rural,Fair,0,957278,113
334,3338,2,2,1,1927,Rural,Fair,1,468161,98
335,1650,4,4,3,1932,Rural,Fair,0,876671,93
336,2431,3,3,2,2006,Urban,Excellent,0,53743,19
337,1512,4,4,3,1922,Urban,Fair,0,80924,103
338,2164,1,4,2,1996,Urban,Poor,1,191268,29
339,1581,3,4,3,2006,Rural,Excellent,0,966592,19
340,1012,2,2,1,1917,Urban,Fair,1,928247,108
341,3349,3,3,1,2013,Suburban,Excellent,0,679600,12
342,1059,3,1,3,2016,Downtown,Poor,0,381004,9
343,4172,5,1,2,1929,Rural,Poor,1,790537,96
344,3843,3,3,3,1925,Downtown,Excellent,0,798378,100
345,4570,3,3,2,1915,Suburban,Fair,0,279602,110
346,1970,4,3,3,1976,Urban,Fair,1,392543,49
347,1080,2,2,2,1938,Downtown,Poor,0,885227,87
348,2794,4,1,1,1932,Suburban,Fair,0,887985,93
349,3647,4,3,3,1925,Suburban,Poor,0,558928,100
350,4749,1,2,1,1947,Downtown,Fair,0,153976,78
351,2179,4,1,1,1964,Rural,Poor,1,205183,61
352,4006,5,4,3,2012,Downtown,Good,0,687854,13
353,3244,5,2,3,1937,Rural,Fair,0,307443,88
354,3856,1,1,2,1901,Urban,Fair,0,694256,124
355,4545,2,2,2,2012,Rural,Fair,0,111600,13
356,1743,2,1,1,1905,Urban,Excellent,0,624310,120
357,3618,4,1,2,1945,Downtown,Fair,0,708559,80
358,2641,4,4,2,1949,Urban,Excellent,0,887329,76
359,3559,4,2,3,1937,Suburban,Excellent,0,874470,88
360,3459,2,3,2,2005,Urban,Poor,1,173323,20
361,2765,3,4,1,1987,Rural,Excellent,1,236110,38
362,2979,5,4,2,1917,Rural,Excellent,1,694566,108
363,2135,3,1,1,1926,Rural,Good,1,947486,99
364,2257,3,3,3,1940,Urban,Fair,0,320041,85
365,4952,2,2,1,1971,Rural,Excellent,0,638829,54
366,2570,3,3,2,1991,Rural,Fair,1,156968,34
367,3349,1,3,3,1973,Suburban,Excellent,1,589180,52
368,3751,4,3,2,1916,Urban,Poor,1,975775,109
369,4230,1,3,3,2018,Suburban,Good,0,74815,7
370,2989,5,3,3,1961,Rural,Excellent,0,882044,64
371,2131,4,1,2,1928,Rural,Fair,1,476573,97
372,3316,3,1,2,1957,Rural,Poor,1,518304,68
373,1515,5,4,3,1969,Urban,Fair,1,852699,56
374,1848,4,1,3,1977,Downtown,Poor,1,854700,48
375,3587,3,4,2,1921,Rural,Good,1,688751,104
376,3339,1,4,1,2017,Rural,Poor,0,981767,8
377,835,4,2,2,1905,Rural,Fair,1,514151,120
378,1395,3,3,3,1925,Rural,Fair,0,931779,100
379,4046,1,1,2,1938,Urban,Excellent,1,240732,87
380,1351,5,2,1,1911,Downtown,Poor,1,246599,114
381,2187,5,1,2,1998,Downtown,Fair,0,244451,27
382,2431,5,4,3,1913,Downtown,Excellent,1,406686,112
383,4246,5,1,2,1921,Rural,Good,0,746631,104
384,2927,2,3,3,1950,Rural,Fair,0,378756,75
385,2068,4,4,3,1922,Downtown,Excellent,1,188307,103
386,4500,4,4,2,1947,Downtown,Fair,1,138757,78
387,3238,2,2,3,1970,Rural,Poor,0,459633,55
388,3998,3,3,3,2003,Rural,Excellent,0,934507,22
389,4413,3,4,1,1949,Suburban,Poor,1,346753,76
390,1566,5,3,1,1988,Suburban,Good,0,939217,37
391,4880,1,1,1,1912,Suburban,Poor,1,304200,113
392,2944,3,3,1,1984,Downtown,Excellent,0,597933,41
393,4607,1,4,3,2004,Urban,Fair,1,506089,21
394,3873,4,2,2,1909,Rural,Excellent,0,769918,116
395,4469,1,4,3,2016,Suburban,Poor,0,374377,9
396,3046,4,3,3,1954,Urban,Poor,1,423587,71
397,1253,2,3,3,2022,Rural,Fair,0,204473,3
398,2582,2,4,2,1908,Urban,Good,0,844203,117
399,3274,5,3,1,1978,Downtown,Excellent,0,517667,47
400,3396,3,1,3,1951,Downtown,Fair,0,522650,74
401,4685,5,4,3,1901,Downtown,Fair,0,510665,124
402,1275,4,2,1,1924,Suburban,Fair,0,414745,101
403,2125,5,4,3,1912,Rural,Excellent,0,535820,113
404,3569,1,1,2,1997,Downtown,Excellent,1,445158,28
405,917,4,1,3,1950,Suburban,Excellent,0,725748,75
406,614,2,1,3,1957,Suburban,Good,0,961656,68
407,1116,3,1,1,1933,Suburban,Fair,1,657539,92
408,4474,4,1,3,1934,Suburban,Poor,0,631330,91
409,3767,4,2,3,2001,Downtown,Poor,0,890172,24
410,1325,1,3,2,1902,Suburban,Fair,1,246945,123
411,2016,3,1,1,2005,Downtown,Poor,0,621312,20
412,3646,2,1,1,2019,Downtown,Good,0,728810,6
413,912,4,4,2,1958,Suburban,Good,1,631253,67
414,1228,4,2,3,1969,Downtown,Excellent,1,322201,56
415,3848,1,2,1,2018,Rural,Excellent,0,798609,7
416,3308,5,3,1,1947,Rural,Excellent,0,845415,78
417,1175,2,2,3,1963,Urban,Excellent,1,442613,62
418,3965,3,4,3,2012,Rural,Excellent,0,594283,13
419,3004,4,4,1,1918,Downtown,Poor,1,164587,107
420,3467,4,3,3,1966,Downtown,Poor,1,283076,59
421,3286,2,4,1,1981,Rural,Excellent,1,796988,44
422,1622,5,1,3,2002,Suburban,Good,0,520897,23
423,4579,4,1,3,1972,Suburban,Poor,1,88886,53
424,2071,2,4,2,2015,Downtown,Good,1,401169,10
425,2643,1,3,3,1975,Suburban,Good,1,539788,50
426,2187,5,2,2,1904,Urban,Fair,0,145149,121
427,4632,3,3,3,1966,Urban,Fair,0,668308,59
428,4351,4,2,1,1910,Rural,Excellent,0,576961,115
429,3940,2,4,1,2020,Rural,Good,1,913945,5
430,4266,1,4,3,1993,Suburban,Poor,0,73466,32
431,2826,3,1,3,1967,Downtown,Fair,0,287626,58
432,3414,2,2,1,1968,Rural,Fair,1,928977,57
433,4452,2,3,3,1900,Urban,Good,1,559966,125
434,1095,3,4,2,1990,Rural,Fair,0,624694,35
435,1228,1,3,2,1991,Rural,Fair,0,446904,34
436,1865,1,1,2,1962,Urban,Poor,1,643572,63
437,4992,5,2,2,1928,Downtown,Good,0,810006,97
438,1198,4,2,2,1981,Rural,Fair,1,951011,44
439,895,3,4,3,1911,Rural,Good,1,587953,114
440,4671,3,2,3,1976,Rural,Fair,0,594929,49
441,4860,3,4,2,1940,Suburban,Poor,0,475716,85
442,3002,1,1,3,1901,Rural,Good,0,610085,124
443,2319,4,2,3,1936,Urban,Fair,0,790126,89
444,1217,5,4,2,1944,Downtown,Poor,1,358094,81
445,3282,2,3,3,1979,Downtown,Fair,0,992550,46
446,4077,2,4,3,1947,Urban,Good,0,965986,78
447,643,3,2,3,1923,Suburban,Fair,0,676627,102
448,3640,4,1,2,1998,Urban,Good,1,687719,27
449,4991,1,2,3,1921,Downtown,Good,0,282275,104
450,3438,4,2,1,1999,Urban,Fair,0,452854,26
451,4136,4,4,1,1910,Suburban,Poor,1,857605,115
452,3722,1,3,2,2018,Downtown,Excellent,1,718582,7
453,1667,3,2,1,1957,Suburban,Poor,1,231136,68
454,3116,4,3,2,1945,Urban,Poor,1,218082,80
455,1562,2,4,1,1928,Rural,Fair,1,303301,97
456,2656,1,3,1,1934,Urban,Poor,0,592383,91
457,3482,5,4,1,2011,Suburban,Poor,1,173554,14
458,3794,3,1,2,2017,Urban,Excellent,1,444655,8
459,1656,1,3,2,1914,Rural,Poor,1,962046,111
460,1232,5,3,3,1959,Suburban,Excellent,1,809277,66
461,4830,5,1,2,1994,Urban,Fair,1,528766,31
462,1453,4,3,1,1941,Suburban,Excellent,1,972879,84
463,3039,4,1,1,2004,Suburban,Good,1,663311,21
464,3824,4,2,2,1942,Downtown,Good,1,681469,83
465,3801,1,4,2,1979,Downtown,Excellent,0,272310,46
466,2042,1,1,2,1973,Suburban,Good,0,857032,52
467,1691,3,3,3,1948,Urban,Fair,0,838898,77
468,3493,4,1,1,1963,Urban,Good,1,830637,62
469,3181,5,3,3,1931,Urban,Excellent,1,549344,94
470,1717,2,2,3,1963,Rural,Fair,1,750457,62
471,2040,3,1,1,2014,Suburban,Good,0,946366,11
472,3736,1,2,1,1901,Suburban,Fair,1,627564,124
473,2886,3,4,2,1923,Rural,Excellent,1,493333,102
474,4219,3,3,2,1986,Suburban,Good,1,490187,39
475,1888,3,3,3,1965,Suburban,Fair,0,319072,60
476,2356,3,2,2,1937,Rural,Fair,0,891741,88
477,1865,2,4,2,1930,Downtown,Good,1,255719,95
478,999,4,1,1,2014,Suburban,Fair,0,746248,11
479,2180,5,1,1,2003,Rural,Fair,1,800385,22
480,1010,3,3,2,1925,Urban,Excellent,1,749192,100
481,4812,3,2,1,1928,Downtown,Excellent,0,166196,97
482,1824,3,2,2,1966,Urban,Excellent,0,59404,59
483,1655,4,1,1,2021,Suburban,Excellent,0,476855,4
484,2327,1,4,1,1977,Downtown,Excellent,0,783478,48
485,3641,1,4,1,1924,Rural,Excellent,1,503814,101
486,3986,2,1,1,1947,Suburban,Good,1,687475,78
487,2310,1,1,2,1964,Rural,Excellent,0,946881,61
488,3423,3,2,3,1952,Downtown,Fair,0,601972,73
489,2714,3,4,1,1966,Urban,Good,1,642879,59
490,4686,3,1,2,2017,Suburban,Fair,1,431965,8
491,1213,2,1,2,1989,Suburban,Excellent,1,783082,36
492,4102,3,3,1,1917,Rural,Excellent,1,314826,108
493,4634,1,1,3,1908,Downtown,Fair,0,161186,117
494,4022,4,1,1,1937,Rural,Fair,0,817469,88
495,4768,4,4,2,1986,Downtown,Fair,0,596120,39
496,1743,5,2,3,1920,Suburban,Poor,1,591285,105
497,4209,1,4,2,2020,Downtown,Poor,1,346784,5
498,1581,3,2,1,1964,Suburban,Poor,0,520098,61
499,955,4,3,3,1920,Downtown,Poor,0,90491,105
500,1394,1,1,2,1926,Urban,Good,0,113043,99
501,1884,4,3,2,2005,Downtown,Excellent,1,948607,20
502,2458,3,2,2,2022,Urban,Fair,0,178568,3
503,3572,4,4,1,1969,Downtown,Excellent,1,426394,56
504,2496,5,4,3,2018,Downtown,Fair,0,647013,7
505,4785,5,3,1,1943,Rural,Excellent,0,178131,82
506,1004,4,2,1,1999,Rural,Good,0,95520,26
507,1714,1,3,1,1927,Suburban,Poor,1,375063,98
508,2031,1,3,3,1944,Rural,Excellent,1,684157,81
509,3940,1,1,1,1916,Downtown,Fair,1,638730,109
510,1323,4,3,1,2022,Rural,Excellent,1,835313,3
511,1428,1,1,1,1939,Downtown,Good,1,202842,86
512,633,3,1,1,2021,Urban,Good,1,417390,4
513,2605,5,4,2,2015,Downtown,Excellent,0,752858,10
514,4127,3,1,1,1902,Suburban,Poor,1,421831,123
515,2352,1,1,2,1975,Urban,Fair,0,572485,50
516,4675,3,4,1,2002,Suburban,Good,1,697735,23
517,3433,1,3,3,1975,Suburban,Good,0,635765,50
518,3784,4,2,2,1965,Suburban,Excellent,0,574532,60
519,4798,3,2,2,2019,Rural,Good,1,915885,6
520,3311,4,2,2,1945,Suburban,Good,0,500953,80
521,1750,4,3,2,1985,Urban,Fair,1,227561,40
522,4012,2,1,3,1986,Downtown,Poor,1,964394,39
523,1756,1,2,1,1929,Suburban,Fair,1,907735,96
524,3876,5,3,2,1968,Urban,Poor,1,340534,57
525,3986,1,1,3,1908,Suburban,Fair,0,584535,117
526,4084,5,4,2,1984,Downtown,Excellent,1,250123,41
527,1896,1,2,1,1910,Urban,Good,0,765079,115
528,4137,4,1,2,1968,Urban,Poor,0,477894,57
529,3830,3,2,3,1998,Downtown,Excellent,0,531018,27
530,3203,3,2,1,1990,Urban,Good,1,257358,35
531,970,2,2,3,2012,Downtown,Good,0,866015,13
532,1853,5,1,1,1965,Urban,Good,1,566456,60
533,3283,5,3,1,1987,Urban,Fair,0,189148,38
534,3331,5,1,1,1930,Downtown,Excellent,1,985510,95
535,857,4,2,2,1932,Downtown,Excellent,1,196123,93
536,3519,5,1,3,1938,Urban,Good,1,447530,87
537,1167,3,4,3,1993,Urban,Poor,1,602958,32
538,4968,4,3,3,1945,Downtown,Excellent,0,543973,80
539,1645,1,1,1,1936,Rural,Fair,0,961352,89
540,4685,5,4,2,2014,Downtown,Poor,1,60236,11
541,4219,5,3,1,1991,Urban,Poor,0,85568,34
542,3245,1,4,3,1959,Urban,Poor,1,681615,66
543,1039,5,3,2,1930,Urban,Poor,1,305745,95
544,3279,1,1,2,1910,Downtown,Excellent,0,422332,115
545,4636,4,4,2,1986,Urban,Good,1,535119,39
546,4275,3,2,3,2020,Rural,Poor,1,328496,5
547,3008,1,4,2,1901,Suburban,Fair,1,700009,124
548,3279,2,3,2,2003,Rural,Fair,1,309291,22
549,1424,1,1,1,2004,Downtown,Good,1,488866,21
550,3456,5,3,1,1926,Urban,Excellent,0,453562,99
551,2081,4,4,2,1998,Downtown,Good,0,730516,27
552,3824,4,4,2,1901,Suburban,Poor,0,105904,124
553,4985,1,2,1,2002,Downtown,Excellent,1,981539,23
554,755,3,1,1,2000,Urban,Excellent,1,958573,25
555,2338,2,1,1,1920,Suburban,Poor,1,328252,105
556,2444,4,4,3,1957,Suburban,Fair,1,572247,68
557,509,5,1,3,1904,Urban,Poor,1,839285,121
558,3371,5,2,1,1951,Urban,Good,1,396300,74
559,1297,3,3,2,1944,Urban,Poor,0,316320,81
560,1515,4,1,1,1984,Downtown,Fair,1,674747,41
561,2324,1,4,3,1992,Rural,Poor,0,469136,33
562,4969,5,3,2,1919,Downtown,Good,1,235922,106
563,3636,3,3,3,1960,Downtown,Good,0,187901,65
564,2693,4,2,2,1937,Rural,Fair,1,173225,88
565,723,4,4,3,1919,Urban,Good,0,543406,106
566,4658,4,1,2,2013,Urban,Good,0,810135,12
567,4425,4,4,2,1924,Rural,Poor,1,271738,101
568,4500,4,3,2,1901,Rural,Excellent,1,954890,124
569,2133,5,4,2,2020,Downtown,Good,0,685181,5
570,2652,3,1,3,1931,Suburban,Good,1,910359,94
571,1010,4,1,3,1925,Rural,Fair,1,528076,100
572,884,2,2,2,1969,Downtown,Fair,1,954610,56
573,904,2,1,2,1940,Suburban,Poor,0,292726,85
574,2500,3,1,3,2020,Urban,Poor,1,352811,5
575,3256,1,4,2,1966,Urban,Good,0,771202,59
576,2168,1,4,2,1996,Downtown,Excellent,0,479059,29
577,1960,1,3,2,1900,Downtown,Excellent,1,756168,125
578,4136,2,2,1,1950,Rural,Poor,0,473759,75
579,3224,1,4,2,1904,Urban,Fair,1,515996,121
580,4678,5,1,1,1912,Downtown,Good,1,56611,113
581,2548,4,3,2,1918,Urban,Good,0,400386,107
582,4646,2,4,3,1911,Urban,Excellent,0,921044,114
583,1216,3,2,1,1947,Rural,Poor,0,883334,78
584,2323,3,2,1,1924,Suburban,Excellent,0,821812,101
585,2581,4,3,2,1956,Rural,Excellent,0,345187,69
586,3919,2,3,2,2014,Downtown,Poor,1,186343,11
587,2074,1,3,1,1934,Rural,Fair,0,909299,91
588,749,1,3,3,1975,Rural,Good,1,389233,50
589,1173,5,3,3,1993,Urban,Fair,1,895177,32
590,2665,5,1,2,1904,Rural,Poor,0,540092,121
591,1270,1,1,3,1997,Downtown,Poor,0,240191,28
592,4462,3,4,3,1921,Suburban,Good,0,716933,104
593,4863,3,2,2,2002,Rural,Fair,0,726769,23
594,2484,5,1,3,1976,Rural,Good,0,922402,49
595,1577,4,1,2,1956,Suburban,Excellent,1,336608,69
596,735,1,1,1,1946,Downtown,Excellent,1,299220,79
597,888,5,4,2,1953,Downtown,Excellent,1,486056,72
598,3537,5,3,1,1902,Rural,Fair,0,692811,123
599,2348,1,4,1,2023,Urban,Excellent,0,594950,2
600,3314,1,2,3,1952,Rural,Good,1,854660,73
601,3874,3,2,3,1983,Suburban,Fair,0,635009,42
602,3778,4,2,3,1930,Suburban,Good,0,712746,95
603,1752,4,2,2,1968,Suburban,Poor,0,843294,57
604,4481,1,1,3,1987,Rural,Fair,1,614396,38
605,2622,2,1,1,2003,Rural,Good,0,141788,22
606,2650,5,4,3,2017,Downtown,Good,1,518239,8
607,1829,5,3,3,1932,Urban,Fair,0,294437,93
608,1858,1,2,2,1971,Rural,Poor,0,811299,54
609,2982,2,4,2,1987,Downtown,Fair,1,916572,38
610,2517,3,1,1,1949,Rural,Excellent,0,732561,76
611,1831,1,1,2,1983,Downtown,Excellent,0,905010,42
612,4844,1,3,3,2023,Downtown,Poor,0,99966,2
613,4761,5,3,2,1915,Urban,Good,1,235846,110
614,1858,1,3,1,2013,Rural,Good,0,322530,12
615,3677,1,4,3,2015,Downtown,Good,0,651516,10
616,2628,1,1,1,1975,Suburban,Fair,0,196297,50
617,2680,5,1,2,1976,Suburban,Fair,0,459909,49
618,637,3,3,2,2008,Suburban,Poor,0,384341,17
619,3972,3,2,1,2005,Urban,Excellent,1,93021,20
620,3332,1,3,3,1938,Downtown,Good,1,431059,87
621,4079,5,4,2,1988,Urban,Excellent,0,199333,37
622,3531,3,3,2,1945,Rural,Fair,0,470594,80
623,4664,3,3,3,1995,Rural,Fair,1,953606,30
624,3093,3,4,2,1987,Downtown,Fair,0,826934,38
625,4800,5,3,1,2011,Suburban,Excellent,0,136755,14
626,4318,5,1,2,1946,Downtown,Poor,0,979441,79
627,4638,1,2,2,1943,Downtown,Poor,0,116330,82
628,4323,4,3,3,1908,Downtown,Fair,0,752726,117
629,4542,3,4,1,2003,Urban,Good,0,908754,22
630,2406,4,2,3,2013,Rural,Excellent,0,938750,12
631,1260,5,4,2,1986,Downtown,Fair,0,619601,39
632,3945,5,2,2,1949,Downtown,Excellent,1,284729,76
633,1399,5,2,3,1976,Downtown,Excellent,1,807071,49
634,4955,4,3,3,1959,Urban,Poor,0,339176,66
635,3447,5,1,3,2022,Urban,Fair,0,535179,3
636,2219,1,3,1,1995,Urban,Poor,0,198430,30
637,780,5,4,2,2013,Downtown,Fair,0,898142,12
638,3766,2,4,3,1914,Suburban,Excellent,1,407470,111
639,2387,4,2,2,1935,Suburban,Poor,1,398301,90
640,3766,2,2,1,2012,Suburban,Excellent,1,492037,13
641,1166,5,1,1,1962,Rural,Fair,1,78365,63
642,4688,1,3,1,1968,Downtown,Good,0,325333,57
643,1171,3,4,1,1985,Suburban,Poor,0,519965,40
644,2469,5,2,2,1979,Suburban,Poor,0,581536,46
645,4656,1,1,1,1940,Suburban,Excellent,1,54369,85
646,3622,4,4,1,1973,Downtown,Excellent,0,506979,52
647,4400,2,2,3,1923,Suburban,Good,0,975554,102
648,1023,2,4,1,1981,Suburban,Poor,1,865037,44
649,2893,2,1,3,1948,Downtown,Fair,1,886048,77
650,3617,4,1,1,1917,Rural,Fair,1,497695,108
651,3093,1,4,1,1906,Urban,Poor,1,415863,119
652,2468,4,3,3,1903,Suburban,Poor,1,221955,122
653,2253,2,4,1,1989,Urban,Poor,0,607343,36
654,2796,5,2,2,1968,Rural,Good,0,774091,57
655,2761,3,3,2,1959,Rural,Fair,1,428824,66
656,2786,4,2,1,1954,Suburban,Fair,0,319594,71
657,4702,4,4,2,1915,Downtown,Excellent,0,183997,110
658,3378,1,3,3,1998,Rural,Excellent,0,523267,27
659,4643,1,2,1,1989,Urban,Poor,0,100272,36
660,4144,4,4,1,1981,Urban,Excellent,1,55310,44
661,4932,2,4,3,1928,Urban,Good,0,81817,97
662,2555,3,3,3,1922,Urban,Fair,0,558350,103
663,1776,1,4,3,2016,Rural,Fair,0,536160,9
664,3266,2,1,1,1913,Suburban,Excellent,1,487744,112
665,802,5,2,3,1978,Suburban,Poor,0,790176,47
666,1138,1,2,3,1948,Urban,Excellent,1,132641,77
667,555,2,4,2,1932,Suburban,Poor,1,789443,93
668,1025,2,4,2,1924,Urban,Good,1,781670,101
669,4623,3,1,1,1920,Urban,Fair,1,589745,105
670,2625,3,3,2,1916,Downtown,Good,0,92311,109
671,3787,5,4,2,1922,Rural,Fair,1,971484,103
672,864,2,4,3,1956,Rural,Good,1,201958,69
673,2146,2,4,3,2006,Urban,Excellent,1,520328,19
674,1418,3,4,2,1980,Rural,Good,1,494093,45
675,3297,1,2,2,1957,Suburban,Good,1,697861,68
676,2031,1,4,2,1913,Urban,Excellent,0,409571,112
677,3845,4,2,1,1992,Downtown,Fair,1,872613,33
678,2406,3,4,1,1919,Suburban,Fair,0,214334,106
679,3586,4,3,1,1929,Downtown,Excellent,0,968451,96
680,2575,3,1,2,1918,Downtown,Good,1,443238,107
681,1213,5,3,2,1952,Rural,Good,0,837560,73
682,1562,2,4,1,2002,Rural,Good,0,653810,23
683,2476,5,4,1,1955,Urban,Poor,0,213394,70
684,1796,3,4,2,1976,Rural,Fair,1,98929,49
685,625,2,3,3,1981,Downtown,Good,1,655984,44
686,4096,1,4,1,1922,Downtown,Fair,1,427389,103
687,3783,1,3,2,1961,Suburban,Good,1,846240,64
688,2103,4,2,2,2009,Downtown,Excellent,1,669436,16
689,566,3,1,3,1932,Urban,Excellent,1,496098,93
690,732,3,1,2,2002,Urban,Fair,1,858157,23
691,2656,1,3,2,2003,Rural,Fair,0,384678,22
692,1669,5,2,1,1917,Rural,Excellent,0,352094,108
693,2658,2,3,1,1972,Rural,Poor,1,794314,53
694,4706,5,2,3,1932,Urban,Excellent,0,133576,93
695,1993,5,4,3,1931,Downtown,Good,1,70557,94
696,4507,1,2,2,1960,Rural,Poor,1,596113,65
697,2972,1,2,1,1953,Suburban,Excellent,1,321142,72
698,3160,1,2,3,1916,Rural,Poor,0,86080,109
699,3239,4,1,3,1918,Urban,Poor,1,833103,107
700,2261,5,2,3,1990,Rural,Poor,1,238869,35
701,4014,3,4,2,1969,Downtown,Fair,1,721162,56
702,2475,2,4,1,1998,Rural,Excellent,1,978671,27
703,2862,4,4,3,2019,Urban,Fair,0,543844,6
704,1376,3,2,1,2000,Urban,Fair,1,616695,25
705,4312,5,3,3,1933,Suburban,Good,0,170283,92
706,3948,1,3,3,1983,Urban,Good,0,63338,42
707,1812,5,4,1,1924,Suburban,Poor,1,650577,101
708,1960,2,1,1,1967,Downtown,Poor,1,514736,58
709,3209,4,3,1,1973,Urban,Good,0,724255,52
710,2824,4,2,2,1973,Rural,Good,0,228982,52
711,2233,2,3,3,1987,Downtown,Excellent,0,967461,38
712,2105,3,4,2,1984,Rural,Poor,0,159367,41
713,3063,3,1,1,1910,Rural,Poor,1,378042,115
714,3921,4,3,3,1990,Rural,Good,0,970958,35
715,4017,4,3,2,1915,Downtown,Excellent,0,691774,110
716,2897,1,4,3,1989,Downtown,Good,0,398684,36
717,4235,3,1,2,1960,Urban,Good,0,544775,65
718,3370,2,1,1,1993,Rural,Fair,1,788497,32
719,1660,3,4,2,2012,Suburban,Poor,1,493853,13
720,742,1,2,3,1979,Urban,Excellent,1,830343,46
721,3090,4,3,3,1906,Downtown,Fair,0,710709,119
722,1563,4,2,3,1915,Suburban,Poor,0,961848,110
723,4824,1,3,3,1998,Downtown,Good,1,876395,27
724,3095,2,3,1,2021,Suburban,Excellent,1,450966,4
725,1419,4,2,2,1915,Urban,Poor,0,407073,110
726,505,5,4,1,1939,Suburban,Good,1,727823,86
727,967,4,4,1,1911,Urban,Fair,0,649223,114
728,4670,5,3,1,1934,Downtown,Excellent,0,764152,91
729,503,1,4,3,2012,Suburban,Poor,0,850118,13
730,1145,1,3,3,1920,Rural,Fair,0,549555,105
731,617,4,4,3,1949,Rural,Good,0,113528,76
732,3428,3,3,2,1942,Downtown,Good,0,674099,83
733,3051,5,4,3,1999,Suburban,Poor,1,558907,26
734,4789,2,1,2,2011,Rural,Good,1,334931,14
735,1346,4,2,3,1916,Urban,Excellent,1,982280,109
736,3262,2,1,3,1931,Suburban,Poor,0,427757,94
737,1641,4,2,1,1940,Suburban,Fair,1,762787,85
738,2310,3,2,1,1905,Rural,Poor,0,834429,120
739,1223,3,3,1,1987,Urban,Poor,0,154887,38
740,724,3,2,2,1926,Urban,Fair,0,111086,99
741,4708,3,1,2,1919,Urban,Good,0,938663,106
742,2548,1,1,3,1924,Suburban,Fair,1,305494,101
743,4915,1,4,2,1965,Downtown,Excellent,1,558889,60
744,2073,5,1,3,1908,Suburban,Good,1,637596,117
745,2328,2,4,2,1991,Suburban,Poor,0,327941,34
746,2417,4,2,2,1952,Rural,Good,1,317446,73
747,4734,4,1,2,1960,Downtown,Good,1,506388,65
748,2526,1,2,1,1937,Urban,Excellent,1,612347,88
749,4244,4,1,2,1902,Rural,Good,0,181980,123
750,1401,1,1,1,1983,Suburban,Good,1,765612,42
751,2539,5,4,1,1969,Downtown,Good,0,523875,56
752,509,2,2,2,2002,Urban,Poor,1,193949,23
753,760,5,1,3,1996,Urban,Good,0,326383,29
754,2173,3,3,3,1954,Suburban,Fair,1,77313,71
755,2719,3,2,3,1900,Urban,Good,1,92103,125
756,2560,3,2,2,2000,Urban,Excellent,1,229480,25
757,4213,5,2,3,1969,Downtown,Good,0,526467,56
758,2119,4,4,1,1944,Rural,Good,1,138771,81
759,820,2,3,3,1997,Downtown,Poor,1,176228,28
760,1842,3,2,2,1946,Rural,Fair,0,141665,79
761,2876,3,1,3,1978,Rural,Good,0,846966,47
762,3332,3,1,1,2008,Rural,Fair,0,879492,17
763,3324,2,4,2,1925,Urban,Excellent,0,853621,100
764,2494,3,1,3,2020,Downtown,Poor,1,964863,5
765,3458,2,2,2,1913,Urban,Fair,1,660355,112
766,2538,3,1,2,2021,Suburban,Poor,0,847399,4
767,3990,5,2,2,1953,Downtown,Good,1,787351,72
768,4177,5,1,3,1970,Rural,Excellent,0,901995,55
769,1618,2,3,2,1945,Urban,Poor,1,320804,80
770,2104,5,4,3,2021,Urban,Good,0,430815,4
771,4527,2,4,1,1930,Downtown,Fair,1,534091,95
772,735,5,3,3,1987,Downtown,Excellent,0,179909,38
773,2469,5,3,1,1958,Rural,Excellent,0,483039,67
774,4929,2,4,3,1994,Rural,Fair,1,499058,31
775,2408,4,3,2,1928,Suburban,Fair,1,190688,97
776,875,5,2,3,2005,Rural,Excellent,1,125976,20
777,4030,3,1,2,1995,Urban,Poor,0,807496,30
778,3135,4,4,1,1916,Suburban,Excellent,1,229810,109
779,2070,2,3,3,1913,Suburban,Fair,0,325251,112
780,3060,4,2,2,2003,Suburban,Poor,1,766764,22
781,3891,1,4,1,1935,Downtown,Good,1,668470,90
782,3465,1,3,1,1957,Rural,Excellent,0,817441,68
783,4143,5,4,3,2011,Suburban,Fair,0,928219,14
784,4350,5,3,1,1923,Downtown,Good,1,852386,102
785,1372,3,4,2,2008,Downtown,Excellent,0,329087,17
786,1752,4,2,1,1962,Suburban,Excellent,0,90725,63
787,1814,1,2,1,2017,Suburban,Poor,1,881866,8
788,3398,5,1,2,1990,Urban,Fair,0,922183,35
789,577,4,4,1,1924,Suburban,Good,1,584398,101
790,3121,5,1,1,1958,Urban,Excellent,1,548864,67
791,4727,5,4,1,1931,Suburban,Poor,0,328606,94
792,1100,1,3,1,2015,Suburban,Good,1,391376,10
793,1565,1,3,2,1981,Rural,Good,0,759441,44
794,2636,5,1,1,2009,Suburban,Excellent,1,496015,16
795,2949,2,4,2,1917,Suburban,Good,0,640855,108
796,2843,5,1,1,1936,Urban,Excellent,0,532517,89
797,2363,5,2,1,1925,Urban,Poor,0,756584,100
798,1818,3,1,1,1908,Rural,Poor,0,439569,117
799,4097,3,1,1,2023,Suburban,Good,0,892495,2
800,4262,3,3,2,1998,Suburban,Excellent,1,163394,27
801,2690,2,1,2,1963,Urban,Fair,1,891672,62
802,1492,2,4,2,1971,Downtown,Poor,0,917784,54
803,3212,5,3,3,1919,Downtown,Excellent,1,198940,106
804,2692,3,1,1,1953,Downtown,Excellent,0,393133,72
805,1748,2,2,1,2005,Urban,Excellent,0,72222,20
806,3554,1,1,2,1985,Urban,Good,1,129794,40
807,4533,5,1,3,1982,Downtown,Fair,1,638212,43
808,2497,4,1,1,1929,Downtown,Good,0,674142,96
809,4187,5,3,2,1952,Suburban,Poor,0,914945,73
810,2651,4,4,1,1991,Urban,Good,0,834326,34
811,4518,3,2,1,1998,Urban,Excellent,0,891081,27
812,3610,4,1,2,2006,Downtown,Good,0,415130,19
813,2470,3,4,2,1962,Downtown,Excellent,0,818103,63
814,697,1,4,1,1910,Rural,Fair,1,920181,115
815,3126,4,3,1,1930,Urban,Good,0,283127,95
816,1702,5,2,2,1948,Rural,Good,0,554434,77
817,2535,3,3,1,2011,Suburban,Good,1,191295,14
818,977,5,4,1,2002,Rural,Excellent,0,229238,23
819,1754,2,4,2,1999,Downtown,Excellent,0,89369,26
820,1422,3,4,1,1993,Urban,Good,1,922811,32
821,919,4,3,1,1986,Urban,Good,0,905824,39
822,2704,3,2,3,1918,Rural,Fair,1,849093,107
823,3097,5,1,2,1911,Rural,Fair,0,720951,114
824,1620,1,3,3,1914,Suburban,Poor,1,383862,111
825,3568,3,4,3,1930,Suburban,Fair,1,760595,95
826,1450,4,3,3,1942,Downtown,Fair,1,320114,83
827,2836,2,4,1,2000,Downtown,Fair,0,97922,25
828,2743,1,1,1,1936,Downtown,Excellent,0,543614,89
829,3145,2,1,3,1978,Rural,Fair,1,867187,47
830,2357,3,2,3,1928,Rural,Fair,1,695214,97
831,2365,5,4,3,2013,Urban,Good,0,69416,12
832,3412,5,2,1,2006,Downtown,Excellent,0,63672,19
833,3353,4,2,3,1925,Rural,Poor,0,526684,100
834,3728,5,1,3,2007,Urban,Poor,0,178145,18
835,4219,1,3,2,1901,Downtown,Fair,0,752356,124
836,3728,5,3,2,1983,Suburban,Poor,1,910527,42
837,2871,4,2,1,1914,Suburban,Poor,0,50064,111
838,3391,3,1,2,2015,Rural,Poor,1,118835,10
839,4256,3,4,2,1903,Urban,Fair,0,251457,122
840,4725,5,3,2,1985,Suburban,Poor,1,973143,40
841,594,2,2,1,1949,Urban,Fair,1,297795,76
842,3174,3,3,2,1937,Urban,Good,0,454271,88
843,2455,5,3,1,1922,Suburban,Good,1,399738,103
844,1293,4,4,3,1958,Urban,Poor,1,996931,67
845,2334,5,1,2,1989,Suburban,Good,1,691204,36
846,2616,3,4,1,2014,Rural,Fair,1,956740,11
847,4606,4,1,2,1974,Downtown,Good,0,918948,51
848,3825,5,3,3,1927,Downtown,Poor,1,901098,98
849,3419,1,2,1,2019,Rural,Fair,0,245346,6
850,3097,4,4,1,1965,Suburban,Excellent,1,954726,60
851,3705,1,1,1,2022,Suburban,Fair,0,323010,3
852,1314,2,3,3,1907,Suburban,Good,0,53889,118
853,845,4,1,3,1928,Suburban,Excellent,0,168194,97
854,2849,1,1,3,1910,Rural,Fair,1,174714,115
855,862,3,1,1,2000,Downtown,Excellent,0,605623,25
856,2943,3,3,3,1917,Urban,Excellent,0,100547,108
857,2765,2,2,2,1954,Urban,Excellent,1,207234,71
858,2688,4,2,3,1949,Downtown,Fair,0,794809,76
859,3505,4,2,1,1913,Rural,Good,1,730047,112
860,3781,4,1,2,2017,Urban,Fair,1,935188,8
861,1484,2,3,3,1973,Downtown,Good,0,323139,52
862,2139,4,1,2,1998,Rural,Fair,1,499704,27
863,1327,3,2,2,1908,Urban,Fair,1,52631,117
864,3230,1,2,1,1998,Suburban,Fair,1,187039,27
865,4031,3,3,2,1910,Suburban,Good,0,924726,115
866,4951,3,1,2,1962,Rural,Fair,1,399422,63
867,3435,1,4,1,2007,Suburban,Excellent,1,638759,18
868,4376,3,4,1,1975,Rural,Fair,1,349260,50
869,626,2,2,1,1966,Downtown,Excellent,0,928548,59
870,3677,1,3,2,1952,Downtown,Poor,1,477443,73
871,3556,3,1,2,1938,Urban,Poor,0,707302,87
872,1103,5,1,2,1977,Rural,Good,1,621952,48
873,3949,3,2,1,1955,Urban,Good,0,733429,70
874,4646,2,2,3,1927,Urban,Poor,0,137342,98
875,4033,4,1,2,1974,Downtown,Fair,0,64407,51
876,3867,3,1,3,1938,Urban,Fair,1,163926,87
877,3868,4,2,1,1924,Suburban,Fair,1,371345,101
878,4297,5,1,2,1920,Urban,Poor,1,916525,105
879,2292,3,4,3,1909,Rural,Excellent,0,497564,116
880,3361,1,2,2,1942,Suburban,Good,1,787341,83
881,3976,4,1,2,1914,Downtown,Excellent,1,592166,111
882,3917,5,2,2,1982,Rural,Poor,0,133100,43
883,2145,1,3,3,1947,Suburban,Excellent,1,915061,78
884,1705,1,2,1,1985,Rural,Fair,1,498636,40
885,3530,1,2,2,1920,Suburban,Fair,0,544308,105
886,3372,1,3,1,1959,Rural,Excellent,0,273059,66
887,3572,3,4,1,2015,Rural,Poor,1,617456,10
888,2354,3,1,3,2007,Suburban,Excellent,0,300396,18
889,4521,3,3,3,1995,Downtown,Fair,1,824769,30
890,3208,5,2,1,1949,Downtown,Fair,1,367006,76
891,4002,5,1,2,1922,Rural,Poor,1,78004,103
892,1832,5,3,3,1912,Rural,Excellent,1,856903,113
893,701,2,1,2,1968,Downtown,Fair,1,574252,57
894,4007,5,1,2,1903,Downtown,Fair,0,666108,122
895,4712,3,3,2,1991,Urban,Excellent,0,241239,34
896,1074,3,1,1,1977,Downtown,Excellent,1,676517,48
897,1036,2,4,2,1971,Rural,Good,0,527044,54
898,2125,2,3,1,1908,Suburban,Poor,0,901740,117
899,2622,5,4,1,2020,Downtown,Poor,1,396113,5
900,885,4,2,2,2014,Urban,Excellent,0,64568,11
901,3781,2,1,2,1934,Urban,Poor,0,583754,91
902,974,1,2,2,2000,Urban,Fair,1,272129,25
903,917,3,2,2,1920,Suburban,Excellent,1,631612,105
904,4100,1,1,1,1957,Downtown,Excellent,1,938640,68
905,1454,3,3,2,1917,Downtown,Excellent,1,196539,108
906,1705,3,1,2,1996,Downtown,Good,1,650243,29
907,4620,2,2,1,1971,Suburban,Poor,1,197748,54
908,2490,2,2,3,2014,Suburban,Good,1,144791,11
909,4072,1,3,3,2012,Rural,Fair,0,736874,13
910,4880,3,1,1,1980,Urban,Poor,1,945150,45
911,4658,1,2,3,1942,Urban,Good,0,596938,83
912,3213,4,4,1,1994,Downtown,Excellent,0,400434,31
913,2703,1,2,2,1997,Suburban,Good,1,127701,28
914,3620,5,2,2,1905,Suburban,Excellent,0,847115,120
915,1466,1,3,3,1985,Downtown,Good,0,279164,40
916,3932,5,4,2,1977,Downtown,Good,0,503035,48
917,1188,5,2,3,1966,Rural,Good,1,655266,59
918,4743,5,2,3,1911,Urban,Excellent,0,579148,114
919,4201,4,4,2,1999,Urban,Good,0,709089,26
920,841,1,1,2,1911,Urban,Poor,1,605639,114
921,2224,1,1,3,2008,Rural,Poor,0,555920,17
922,4922,4,2,2,1965,Downtown,Poor,0,374888,60
923,2292,3,2,1,1901,Downtown,Excellent,0,729706,124
924,2259,2,1,2,1914,Urban,Excellent,0,956630,111
925,3712,1,3,2,1922,Urban,Poor,0,910587,103
926,1489,2,4,1,1928,Rural,Poor,1,171449,97
927,2762,4,4,2,1980,Suburban,Poor,0,650988,45
928,2982,3,3,2,1995,Suburban,Fair,1,809774,30
929,1451,3,3,3,1906,Urban,Poor,0,843387,119
930,1222,3,3,2,1993,Rural,Good,1,307571,32
931,3889,4,3,2,1927,Urban,Fair,1,513506,98
932,2579,5,3,1,1913,Suburban,Fair,1,487509,112
933,3217,5,3,3,1943,Urban,Excellent,0,766696,82
934,2832,2,4,3,1929,Suburban,Good,0,858094,96
935,3876,5,3,3,1980,Suburban,Excellent,0,580696,45
936,2000,5,1,2,1931,Suburban,Excellent,0,745763,94
937,785,3,3,3,2009,Downtown,Good,0,313369,16
938,3995,3,3,1,1969,Downtown,Excellent,1,979700,56
939,2565,2,4,3,2014,Urban,Good,1,513002,11
940,1268,1,4,1,1987,Suburban,Good,1,196444,38
941,3557,2,3,3,1905,Downtown,Excellent,0,831608,120
942,4789,2,4,3,1926,Urban,Poor,0,591567,99
943,2661,4,2,1,1981,Urban,Excellent,1,160401,44
944,3793,4,4,3,1987,Urban,Fair,0,276801,38
945,1446,2,4,3,2000,Urban,Excellent,0,821668,25
946,3835,2,4,3,2019,Urban,Good,1,553575,6
947,4650,2,4,2,1923,Rural,Fair,1,928836,102
948,1981,5,1,1,2001,Suburban,Good,0,219259,24
949,2401,4,1,3,1933,Urban,Poor,0,297145,92
950,3951,2,1,1,1939,Rural,Poor,1,360625,86
951,4564,3,3,1,1946,Suburban,Fair,0,733835,79
952,554,3,3,1,1978,Downtown,Poor,1,94552,47
953,2323,5,2,3,1974,Urban,Poor,1,249041,51
954,3962,5,1,3,1985,Rural,Excellent,1,257606,40
955,3579,1,3,1,2017,Downtown,Excellent,0,804965,8
956,1332,1,4,2,1923,Rural,Poor,1,836157,102
957,4908,1,4,1,1964,Suburban,Poor,1,450074,61
958,3306,5,1,2,1917,Suburban,Excellent,0,779846,108
959,2990,5,2,1,1943,Downtown,Poor,1,124474,82
960,827,5,2,1,1975,Rural,Poor,0,337312,50
961,3810,3,4,1,1956,Urban,Good,0,606387,69
962,3800,5,2,3,2006,Urban,Poor,0,252252,19
963,4175,3,1,2,1927,Downtown,Fair,1,814742,98
964,3554,1,4,2,2003,Downtown,Good,1,373599,22
965,2643,1,3,1,2023,Downtown,Fair,0,628528,2
966,1811,1,3,3,1970,Rural,Poor,0,386940,55
967,3691,2,2,3,1922,Urban,Excellent,0,891024,103
968,3038,2,4,2,1984,Urban,Good,1,835034,41
969,4483,4,4,3,1933,Urban,Excellent,0,434325,92
970,664,4,3,2,1910,Downtown,Good,0,302051,115
971,4777,4,4,2,1985,Urban,Excellent,0,151611,40
972,1322,2,4,2,2005,Suburban,Good,1,632334,20
973,1443,2,4,3,1934,Downtown,Good,0,824756,91
974,4925,4,2,2,2015,Urban,Fair,1,66488,10
975,1274,4,4,2,1992,Rural,Excellent,1,239913,33
976,2698,5,1,1,1941,Downtown,Fair,0,430665,84
977,3656,4,2,2,1927,Suburban,Fair,0,967899,98
978,4742,5,4,2,2022,Suburban,Excellent,0,758029,3
979,4195,3,4,1,1981,Rural,Good,1,716205,44
980,3952,2,1,1,1977,Rural,Fair,1,741419,48
981,1414,4,2,3,1981,Downtown,Excellent,1,68394,44
982,1808,2,3,2,1991,Downtown,Good,0,930425,34
983,4677,2,3,3,1923,Suburban,Fair,1,226978,102
984,1013,2,2,3,1907,Rural,Fair,0,109332,118
985,2420,3,4,1,2005,Downtown,Fair,0,218377,20
986,4094,1,4,3,2017,Suburban,Good,0,92628,8
987,1909,4,3,2,2008,Rural,Fair,1,857784,17
988,3690,1,3,1,1952,Suburban,Good,1,529898,73
989,4991,1,3,2,1971,Urban,Poor,1,919403,54
990,2055,1,1,2,1903,Rural,Fair,0,101993,122
991,1304,2,3,1,1990,Downtown,Poor,1,220458,35
992,1779,5,1,2,1999,Downtown,Excellent,1,939459,26
993,4077,2,2,1,1904,Urban,Fair,0,500281,121
994,3401,2,4,2,1996,Rural,Excellent,0,956644,29
995,1887,1,3,1,1948,Suburban,Excellent,1,528720,77
996,3261,2,4,3,1997,Downtown,Excellent,0,556357,28
997,3179,1,4,2,1929,Urban,Poor,1,58539,96
998,2606,5,3,1,1971,Urban,Good,0,182335,54
999,4723,4,3,2,2002,Rural,Poor,0,456521,23
1000,3268,1,2,2,1962,Rural,Poor,1,890249,63
1001,4453,5,1,2,1946,Downtown,Excellent,0,991902,79
1002,3686,4,1,1,1925,Urban,Fair,0,290310,100
1003,3780,3,4,3,1956,Suburban,Good,0,256873,69
1004,3073,1,3,3,1936,Urban,Excellent,1,361251,89
1005,3099,1,2,3,1997,Suburban,Good,0,999656,28
1006,4533,3,2,1,1906,Suburban,Poor,0,536476,119
1007,736,3,2,3,1939,Downtown,Good,1,998128,86
1008,1804,1,2,1,1991,Urban,Good,1,965672,34
1009,3930,3,2,2,1938,Suburban,Fair,0,411799,87
1010,1801,2,1,2,1961,Rural,Excellent,0,630420,64
1011,3041,4,1,3,2002,Suburban,Good,0,962133,23
1012,2551,4,1,1,1991,Rural,Good,1,155494,34
1013,941,4,3,2,1977,Rural,Poor,0,889411,48
1014,2576,2,4,1,1952,Urban,Poor,1,894445,73
1015,3680,3,2,1,2013,Rural,Good,1,275997,12
1016,3157,5,3,2,2001,Suburban,Excellent,0,638085,24
1017,4298,3,2,1,1903,Rural,Good,0,101798,122
1018,1304,1,1,2,2005,Urban,Good,1,722010,20
1019,574,4,3,2,1981,Downtown,Fair,0,469230,44
1020,2675,3,1,2,2007,Suburban,Excellent,0,650709,18
1021,4424,5,2,1,2011,Suburban,Fair,1,319578,14
1022,2589,1,2,2,1924,Urban,Excellent,0,866460,101
1023,540,2,4,1,1906,Urban,Excellent,1,640846,119
1024,2581,2,2,2,2001,Urban,Excellent,0,860763,24
1025,2122,5,1,2,1927,Urban,Fair,1,117573,98
1026,841,1,2,3,1968,Suburban,Fair,1,703761,57
1027,4552,4,4,3,1966,Downtown,Fair,0,517508,59
1028,2574,3,4,3,2007,Rural,Poor,1,227398,18
1029,1145,1,1,1,1994,Rural,Fair,1,395123,31
1030,4763,2,3,1,2010,Downtown,Poor,0,840555,15
1031,1109,5,2,2,2005,Downtown,Poor,0,328747,20
1032,954,5,4,2,2021,Downtown,Poor,0,378085,4
1033,3453,3,2,2,1919,Urban,Good,1,92597,106
1034,2208,5,2,2,1982,Suburban,Good,1,768598,43
1035,3972,5,3,1,2011,Suburban,Good,1,920670,14
1036,3469,1,4,2,2023,Suburban,Poor,0,485935,2
1037,3528,4,2,2,1910,Urban,Poor,1,797146,115
1038,3181,3,4,3,2003,Suburban,Excellent,1,353895,22
1039,4129,1,1,2,1966,Urban,Poor,0,962894,59
1040,4725,4,1,2,1986,Suburban,Good,1,136978,39
1041,3567,1,2,2,1906,Downtown,Poor,0,329837,119
1042,1886,1,4,1,1922,Rural,Poor,0,532757,103
1043,4276,5,2,3,1960,Rural,Excellent,0,218769,65
1044,3366,4,4,2,1970,Urban,Poor,1,406668,55
1045,3863,3,4,2,2009,Suburban,Fair,1,410013,16
1046,4624,3,3,3,1933,Rural,Excellent,1,735352,92
1047,648,4,3,2,2005,Downtown,Poor,0,375969,20
1048,4350,5,3,1,1918,Downtown,Poor,0,714882,107
1049,2558,2,2,2,1957,Downtown,Excellent,0,442619,68
1050,1636,1,3,1,1908,Urban,Poor,1,881838,117
1051,686,5,3,1,1947,Urban,Good,1,288078,78
1052,3354,4,1,2,2014,Suburban,Fair,1,290140,11
1053,1750,1,4,3,1981,Downtown,Fair,1,717481,44
1054,1833,3,4,1,1940,Suburban,Good,1,697659,85
1055,4693,2,3,3,1947,Suburban,Poor,0,457435,78
1056,4650,3,4,2,1944,Downtown,Poor,1,838049,81
1057,3211,4,1,1,2005,Suburban,Fair,0,93016,20
1058,2285,1,1,2,1924,Rural,Poor,0,493888,101
1059,1250,4,3,3,2015,Urban,Fair,1,336420,10
1060,2262,1,1,2,1977,Suburban,Fair,0,805247,48
1061,4420,5,4,2,2007,Downtown,Good,1,384384,18
1062,4960,2,2,1,1924,Urban,Fair,1,942724,101
1063,981,5,4,2,1918,Urban,Poor,0,236807,107
1064,653,5,2,2,1938,Suburban,Poor,1,592247,87
1065,2024,4,3,2,2018,Rural,Excellent,1,602810,7
1066,2620,2,2,1,1978,Suburban,Poor,0,499303,47
1067,2843,1,1,3,1979,Rural,Excellent,0,453169,46
1068,1740,1,4,3,1926,Urban,Fair,0,76567,99
1069,560,3,2,2,2003,Suburban,Poor,0,503739,22
1070,1438,1,4,1,1973,Downtown,Good,0,112708,52
1071,2139,4,3,2,1962,Suburban,Good,0,176206,63
1072,4620,5,3,3,1967,Rural,Good,1,596848,58
1073,4726,5,1,1,2014,Rural,Fair,1,632678,11
1074,4069,5,3,3,1918,Suburban,Fair,1,700060,107
1075,1752,2,2,3,1927,Rural,Excellent,0,511365,98
1076,4703,1,3,1,1984,Urban,Good,1,357248,41
1077,671,4,1,1,2022,Suburban,Excellent,0,632093,3
1078,1958,2,4,2,2010,Rural,Excellent,1,286109,15
1079,4049,3,4,2,1977,Suburban,Poor,0,545951,48
1080,4697,4,3,3,1932,Suburban,Poor,1,336640,93
1081,2822,4,2,1,2011,Downtown,Good,0,788661,14
1082,2136,4,1,1,1909,Suburban,Fair,0,141257,116
1083,3615,5,2,2,1982,Downtown,Poor,0,53515,43
1084,4590,4,1,3,1929,Rural,Fair,0,578742,96
1085,3504,1,3,3,1921,Downtown,Excellent,1,287145,104
1086,829,4,1,2,1902,Downtown,Excellent,1,72873,123
1087,4140,5,1,1,2000,Downtown,Excellent,0,910352,25
1088,4394,4,3,2,2004,Urban,Excellent,0,325871,21
1089,4607,3,2,2,1981,Downtown,Good,0,702664,44
1090,1841,3,3,2,1974,Suburban,Excellent,1,643358,51
1091,4163,5,1,2,1947,Downtown,Poor,0,935491,78
1092,715,1,3,1,1901,Suburban,Excellent,0,698852,124
1093,838,1,1,2,1975,Downtown,Fair,1,278497,50
1094,4562,2,3,1,1953,Urban,Poor,0,691501,72
1095,3208,5,4,2,1905,Rural,Fair,0,755339,120
1096,3652,4,4,3,2006,Downtown,Fair,1,599753,19
1097,2250,5,3,1,2022,Downtown,Good,0,234972,3
1098,2921,2,2,3,1939,Urban,Good,0,634087,86
1099,1209,5,1,2,2007,Downtown,Fair,1,560237,18
1100,4226,5,4,2,1992,Suburban,Fair,0,670417,33
1101,4142,2,2,2,2022,Downtown,Excellent,1,464546,3
1102,4493,1,1,1,1993,Downtown,Poor,0,713662,32
1103,988,4,4,3,1901,Rural,Excellent,0,419432,124
1104,546,2,4,1,1972,Rural,Good,0,293761,53
1105,3859,3,3,1,2010,Downtown,Good,0,292821,15
1106,900,1,1,2,1901,Urban,Excellent,0,62875,124
1107,4490,3,2,3,1992,Rural,Poor,1,601507,33
1108,3657,1,2,2,1996,Downtown,Fair,0,872614,29
1109,4845,4,2,1,1973,Rural,Excellent,0,785901,52
1110,890,4,1,2,1997,Downtown,Good,1,485485,28
1111,4353,5,2,3,2007,Rural,Poor,1,391925,18
1112,4930,3,2,2,1954,Rural,Good,0,56457,71
1113,1128,1,2,3,1971,Suburban,Poor,1,974253,54
1114,4732,4,3,3,2000,Downtown,Poor,0,83064,25
1115,3430,2,3,2,2017,Downtown,Poor,1,977325,8
1116,2021,4,1,1,1959,Downtown,Excellent,1,689544,66
1117,1326,2,1,2,1996,Downtown,Excellent,0,934729,29
1118,2000,1,2,1,2010,Rural,Excellent,1,808947,15
1119,3794,4,3,1,1905,Suburban,Poor,0,259727,120
1120,2919,4,4,2,2007,Suburban,Poor,1,975168,18
1121,1434,1,4,1,2003,Urban,Good,1,210353,22
1122,3542,4,2,1,2008,Downtown,Fair,1,832351,17
1123,4997,2,2,2,1918,Urban,Excellent,0,286887,107
1124,1966,4,3,2,1995,Rural,Poor,0,475037,30
1125,4061,3,3,2,1926,Urban,Good,1,809129,99
1126,1114,5,3,1,1900,Downtown,Good,0,992151,125
1127,1682,2,1,3,2006,Suburban,Good,0,644206,19
1128,3723,3,1,1,2015,Suburban,Excellent,0,263057,10
1129,3167,1,2,3,1932,Downtown,Excellent,1,526015,93
1130,630,2,1,2,1939,Rural,Fair,0,926611,86
1131,3483,5,3,3,1931,Downtown,Good,1,387088,94
1132,4778,5,3,2,1968,Rural,Excellent,1,139142,57
1133,4959,1,1,2,1916,Suburban,Good,1,77603,109
1134,538,1,4,3,1907,Rural,Poor,1,882890,118
1135,4459,2,2,2,1956,Downtown,Good,1,120605,69
1136,4087,4,4,3,1941,Downtown,Fair,0,331767,84
1137,1420,1,2,2,1997,Downtown,Excellent,0,618728,28
1138,3269,4,4,1,1908,Rural,Poor,1,918859,117
1139,4611,3,1,1,2019,Rural,Excellent,0,975208,6
1140,992,5,2,2,1986,Rural,Poor,0,405970,39
1141,1631,4,2,2,1934,Suburban,Good,0,339604,91
1142,4021,5,2,3,2013,Urban,Good,0,264117,12
1143,810,4,3,1,1970,Urban,Fair,0,788165,55
1144,1238,3,3,3,1978,Downtown,Fair,0,516727,47
1145,3741,1,4,2,1952,Suburban,Poor,0,160373,73
1146,1045,3,1,2,1953,Rural,Fair,1,974069,72
1147,2961,1,3,3,1983,Downtown,Fair,1,317014,42
1148,4846,1,2,2,2013,Suburban,Fair,1,68909,12
1149,2304,5,3,1,1924,Downtown,Fair,0,321261,101
1150,3712,3,1,3,1966,Suburban,Good,0,299975,59
1151,4310,4,3,1,2023,Suburban,Fair,1,903906,2
1152,1313,3,2,1,1961,Urban,Good,0,668214,64
1153,4624,5,4,1,1954,Downtown,Good,0,487538,71
1154,2532,1,2,3,1945,Rural,Excellent,1,177463,80
1155,4913,5,1,2,1923,Urban,Good,1,151536,102
1156,744,2,4,1,1997,Urban,Good,1,856560,28
1157,771,2,3,1,1945,Rural,Fair,0,301981,80
1158,4011,4,3,1,1921,Suburban,Good,0,540533,104
1159,2271,5,3,2,1910,Rural,Poor,0,381145,115
1160,1762,4,4,2,1947,Downtown,Fair,1,836872,78
1161,2924,4,2,3,1907,Rural,Fair,1,230685,118
1162,4861,2,4,2,1938,Suburban,Fair,0,697779,87
1163,1420,4,4,3,2006,Rural,Excellent,1,979167,19
1164,3930,2,1,3,1934,Suburban,Fair,1,547275,91
1165,4935,1,4,3,1948,Suburban,Good,0,200619,77
1166,4984,5,3,3,1945,Downtown,Poor,1,655950,80
1167,3124,4,2,3,1937,Rural,Fair,1,810416,88
1168,4260,2,2,1,1907,Rural,Fair,1,50005,118
1169,2550,3,2,2,1953,Downtown,Poor,0,284152,72
1170,4000,4,3,1,1936,Suburban,Fair,0,319182,89
1171,1665,1,3,3,1990,Rural,Excellent,1,842846,35
1172,875,1,3,2,1991,Downtown,Good,0,530875,34
1173,2533,3,3,1,1939,Suburban,Poor,0,905938,86
1174,645,2,3,1,1933,Downtown,Poor,0,913018,92
1175,4888,4,4,3,1995,Rural,Excellent,1,445822,30
1176,931,2,3,1,1978,Downtown,Good,0,852914,47
1177,1204,1,3,1,2007,Urban,Excellent,1,804189,18
1178,3132,2,3,1,1916,Suburban,Good,1,252945,109
1179,4994,1,3,1,1932,Urban,Excellent,0,608236,93
1180,1463,2,2,1,1946,Urban,Fair,1,402131,79
1181,2734,3,3,3,2009,Suburban,Excellent,0,272873,16
1182,2541,5,4,3,1951,Suburban,Poor,0,272322,74
1183,2328,3,4,1,2017,Downtown,Poor,1,70875,8
1184,2608,3,4,3,1979,Suburban,Poor,1,325201,46
1185,4568,5,1,3,1992,Urban,Excellent,0,82400,33
1186,1438,5,2,2,1908,Urban,Poor,0,514674,117
1187,1306,4,3,1,1932,Rural,Poor,0,118607,93
1188,1963,4,1,3,1959,Suburban,Fair,0,923993,66
1189,3915,3,3,3,2012,Urban,Fair,1,339647,13
1190,510,3,1,1,1992,Rural,Good,1,466981,33
1191,2368,1,1,2,1976,Rural,Good,1,151096,49
1192,1384,1,4,1,1920,Downtown,Good,0,620900,105
1193,4064,4,4,2,1957,Urban,Excellent,1,934750,68
1194,1889,4,1,1,1984,Downtown,Good,1,311538,41
1195,3901,1,4,1,1968,Urban,Excellent,1,134335,57
1196,4821,1,1,1,1909,Downtown,Excellent,1,413133,116
1197,1324,2,2,1,1905,Downtown,Good,0,667300,120
1198,2765,2,4,2,2019,Suburban,Good,1,131748,6
1199,1436,1,4,2,2014,Downtown,Excellent,1,976932,11
1200,3300,2,4,3,2020,Suburban,Fair,1,736779,5
1201,3053,5,2,1,1912,Rural,Poor,1,115195,113
1202,4345,4,1,2,1964,Urban,Poor,0,779055,61
1203,2296,4,3,2,1919,Rural,Poor,0,664134,106
1204,553,1,4,2,1956,Urban,Fair,1,676692,69
1205,1226,3,1,1,2010,Rural,Excellent,0,351286,15
1206,3236,1,2,3,1945,Urban,Good,0,835608,80
1207,3670,2,3,2,1907,Downtown,Excellent,0,121540,118
1208,2413,3,4,1,1909,Urban,Excellent,0,743649,116
1209,2096,2,2,2,1972,Urban,Good,1,389092,53
1210,2414,5,2,2,2012,Rural,Fair,0,895383,13
1211,2966,2,3,3,2004,Rural,Poor,0,61755,21
1212,3237,5,1,2,1966,Rural,Poor,1,827203,59
1213,1349,5,4,2,1910,Suburban,Excellent,1,430129,115
1214,2609,2,4,1,1911,Suburban,Fair,1,658841,114
1215,502,2,1,1,1909,Urban,Poor,1,184962,116
1216,4755,5,1,3,1924,Urban,Fair,0,930808,101
1217,4569,3,1,1,1948,Downtown,Good,1,306760,77
1218,1392,5,3,1,1948,Downtown,Excellent,0,67175,77
1219,2530,4,3,3,1988,Urban,Excellent,0,902119,37
1220,3660,5,4,2,1910,Suburban,Fair,1,921415,115
1221,2876,3,3,3,1961,Urban,Poor,1,531503,64
1222,2433,4,2,1,2017,Downtown,Fair,0,800071,8
1223,1880,1,4,3,1935,Suburban,Good,0,729648,90
1224,4181,1,3,2,1938,Suburban,Poor,1,96629,87
1225,1790,3,1,3,1952,Downtown,Poor,1,691067,73
1226,2140,5,2,1,1989,Urban,Fair,1,228872,36
1227,3182,2,1,1,1977,Rural,Good,0,742727,48
1228,1487,3,4,3,2002,Urban,Poor,0,520970,23
1229,1718,4,1,2,1955,Urban,Excellent,1,380657,70
1230,1855,4,3,3,2003,Downtown,Good,0,657050,22
1231,4765,1,3,2,1900,Suburban,Poor,1,210094,125
1232,4635,4,4,2,1955,Downtown,Fair,0,774689,70
1233,2060,3,1,3,2017,Urban,Poor,0,969163,8
1234,1918,4,4,2,1903,Rural,Excellent,1,107941,122
1235,1454,3,1,1,1929,Rural,Good,1,355617,96
1236,1483,2,2,3,1911,Rural,Poor,1,760958,114
1237,1474,1,3,2,2019,Downtown,Excellent,0,66040,6
1238,4633,4,4,1,1934,Suburban,Poor,0,119806,91
1239,4472,3,2,3,1976,Downtown,Poor,1,718646,49
1240,1413,5,2,1,1951,Rural,Good,0,250211,74
1241,536,1,4,1,1930,Urban,Fair,1,686364,95
1242,3887,2,4,1,2001,Suburban,Fair,0,105916,24
1243,2211,3,2,2,2006,Downtown,Excellent,1,722960,19
1244,3520,2,1,3,1986,Downtown,Excellent,0,445507,39
1245,1295,2,2,3,1967,Suburban,Excellent,0,456339,58
1246,4536,4,4,2,1951,Suburban,Good,0,840243,74
1247,3611,4,2,3,1979,Urban,Fair,0,605564,46
1248,1824,3,1,1,1906,Suburban,Excellent,1,235217,119
1249,817,5,3,3,1921,Urban,Excellent,0,917481,104
1250,2896,3,3,2,1992,Rural,Poor,1,251750,33
1251,2662,5,2,1,1974,Rural,Poor,1,269854,51
1252,3245,2,1,2,1955,Downtown,Excellent,1,796403,70
1253,2091,1,3,1,1996,Rural,Poor,1,994218,29
1254,3611,3,2,1,1957,Rural,Poor,0,761045,68
1255,4430,3,2,3,1992,Urban,Poor,1,717554,33
1256,2496,5,1,1,1963,Downtown,Good,0,385206,62
1257,1812,2,4,2,2022,Suburban,Excellent,0,200434,3
1258,1785,2,2,3,2002,Downtown,Excellent,0,890931,23
1259,4811,5,4,2,1911,Rural,Poor,0,620569,114
1260,2883,2,4,1,1906,Suburban,Good,1,881284,119
1261,3739,4,3,2,2022,Downtown,Poor,0,836408,3
1262,2639,1,4,2,1954,Downtown,Good,1,827981,71
1263,2204,3,1,1,2002,Downtown,Excellent,0,554869,23
1264,862,1,3,3,2005,Downtown,Poor,0,753196,20
1265,3104,3,3,2,1961,Urban,Excellent,1,578883,64
1266,2216,4,3,1,2011,Downtown,Good,0,670218,14
1267,4951,2,2,3,1989,Rural,Fair,0,196474,36
1268,4786,5,2,3,2003,Rural,Good,0,311745,22
1269,4238,4,4,3,1972,Urban,Fair,0,770643,53
1270,2969,1,3,2,2004,Suburban,Excellent,0,404820,21
1271,1056,5,3,2,1997,Suburban,Excellent,1,748083,28
1272,1325,2,1,2,2008,Rural,Poor,0,232394,17
1273,3308,4,4,3,1976,Rural,Fair,0,752124,49
1274,3219,5,1,2,1954,Urban,Good,1,468127,71
1275,4008,4,4,1,2018,Suburban,Excellent,0,796648,7
1276,4241,4,4,2,1935,Suburban,Fair,1,855837,90
1277,2074,2,2,2,1988,Downtown,Good,0,108122,37
1278,4498,3,2,3,1923,Downtown,Fair,0,804849,102
1279,2629,5,1,2,1943,Downtown,Good,1,282661,82
1280,2903,2,4,1,1916,Urban,Good,0,703197,109
1281,3829,4,3,3,1901,Rural,Good,0,315591,124
1282,1088,2,2,1,1912,Urban,Good,1,234215,113
1283,2512,3,3,3,1930,Suburban,Fair,1,60662,95
1284,2047,5,1,3,1992,Rural,Fair,0,506217,33
1285,794,3,2,2,2013,Downtown,Poor,1,632570,12
1286,2485,1,2,1,1927,Urban,Fair,0,448115,98
1287,3617,5,4,3,1959,Urban,Fair,1,865014,66
1288,2190,3,1,2,1926,Downtown,Poor,0,641759,99
1289,1636,4,4,3,1914,Urban,Fair,1,697801,111
1290,2564,5,2,3,1994,Downtown,Good,1,223285,31
1291,4955,5,1,3,2003,Suburban,Excellent,1,681866,22
1292,1507,2,2,3,1978,Rural,Excellent,1,912303,47
1293,3014,4,1,3,1932,Suburban,Poor,1,657493,93
1294,4026,1,2,3,1919,Suburban,Fair,1,910513,106
1295,1747,3,3,2,1941,Downtown,Fair,1,942215,84
1296,4402,2,3,3,1911,Urban,Poor,1,284631,114
1297,1935,3,4,1,2000,Suburban,Excellent,1,133805,25
1298,1071,1,3,2,1972,Suburban,Good,0,174698,53
1299,2882,1,2,1,1922,Suburban,Fair,1,218902,103
1300,1745,5,2,3,1971,Urban,Poor,0,974570,54
1301,2584,1,3,1,1995,Urban,Good,1,60712,30
1302,777,3,4,3,2011,Downtown,Poor,0,393671,14
1303,2387,4,3,3,1913,Suburban,Poor,0,965885,112
1304,1765,4,1,2,1990,Rural,Poor,1,701176,35
1305,1540,5,1,2,1924,Urban,Excellent,1,806686,101
1306,1417,3,1,3,1976,Downtown,Excellent,0,568680,49
1307,1385,3,3,2,2018,Suburban,Poor,0,246437,7
1308,3252,1,3,1,1984,Rural,Fair,1,661473,41
1309,521,3,3,2,2008,Urban,Good,1,411995,17
1310,3691,2,1,2,1930,Rural,Fair,1,474022,95
1311,2853,1,4,1,2000,Urban,Excellent,0,586498,25
1312,1186,2,2,2,2011,Downtown,Good,1,86972,14
1313,784,5,3,3,2021,Rural,Poor,1,811254,4
1314,4247,4,4,1,2006,Suburban,Fair,1,346280,19
1315,1262,5,2,3,1953,Suburban,Fair,1,487513,72
1316,2928,4,2,1,1904,Urban,Poor,1,952877,121
1317,3007,5,2,3,1912,Suburban,Fair,0,852377,113
1318,528,3,4,3,1927,Rural,Excellent,0,800561,98
1319,1406,2,4,2,1942,Downtown,Poor,1,391324,83
1320,3604,4,1,3,1988,Urban,Fair,1,382597,37
1321,4499,1,4,2,2014,Rural,Poor,0,921836,11
1322,3494,2,4,1,1998,Urban,Good,1,980728,27
1323,3006,1,4,3,1946,Downtown,Poor,0,53052,79
1324,4109,2,2,3,2002,Urban,Fair,1,339416,23
1325,4053,2,3,1,1970,Suburban,Excellent,0,353294,55
1326,1953,5,1,1,1937,Suburban,Poor,0,801564,88
1327,3856,4,3,3,1995,Urban,Poor,1,198388,30
1328,1015,4,3,1,1966,Downtown,Fair,0,496605,59
1329,538,2,4,2,1961,Downtown,Excellent,1,712600,64
1330,3842,3,1,1,2008,Suburban,Excellent,0,933527,17
1331,1386,3,3,1,1938,Downtown,Good,1,380918,87
1332,3344,1,3,3,1936,Urban,Good,1,879607,89
1333,2704,1,1,2,2018,Rural,Fair,1,443781,7
1334,1598,5,4,1,2013,Urban,Excellent,0,66375,12
1335,2323,2,3,2,1985,Suburban,Excellent,1,599998,40
1336,3701,1,2,2,1907,Suburban,Good,1,755255,118
1337,3655,1,3,2,1980,Suburban,Good,1,828912,45
1338,3593,2,2,3,1951,Downtown,Fair,0,720534,74
1339,4030,5,4,1,1990,Urban,Excellent,1,419170,35
1340,4278,1,3,3,1932,Rural,Poor,0,530545,93
1341,3396,5,1,1,2009,Urban,Good,0,77597,16
1342,3953,4,1,1,1980,Rural,Fair,0,386433,45
1343,4011,5,3,3,1941,Urban,Excellent,1,481613,84
1344,1488,3,4,2,1975,Suburban,Excellent,1,135687,50
1345,4616,3,4,2,2011,Rural,Good,0,168968,14
1346,4526,5,1,1,2009,Urban,Fair,1,614562,16
1347,4679,3,3,3,1926,Downtown,Poor,1,517453,99
1348,2182,4,4,2,2011,Downtown,Good,0,253570,14
1349,4463,2,1,2,1907,Urban,Fair,0,481413,118
1350,1433,3,2,1,1922,Suburban,Excellent,1,622922,103
1351,4098,3,3,1,2023,Rural,Poor,0,866473,2
1352,3733,5,2,3,2005,Urban,Fair,1,974752,20
1353,2480,4,2,1,2012,Downtown,Poor,0,397509,13
1354,2355,2,4,2,1963,Rural,Fair,1,969707,62
1355,3556,5,4,2,2022,Downtown,Fair,1,888418,3
1356,1292,5,4,2,1992,Downtown,Fair,0,861802,33
1357,1291,4,3,2,2013,Urban,Fair,1,347391,12
1358,2309,2,2,3,1919,Downtown,Poor,1,960835,106
1359,2755,4,3,3,1915,Rural,Good,0,431688,110
1360,4110,2,4,1,1916,Suburban,Poor,1,256994,109
1361,2107,4,2,1,1979,Urban,Fair,1,830768,46
1362,1484,5,3,1,1918,Rural,Poor,1,443650,107
1363,4176,5,3,3,2019,Urban,Poor,0,637270,6
1364,3880,1,1,2,2019,Downtown,Poor,0,901612,6
1365,1019,3,3,1,1907,Downtown,Fair,0,682822,118
1366,1090,4,4,2,1937,Rural,Poor,0,739834,88
1367,1550,1,3,1,1937,Rural,Excellent,0,336788,88
1368,4133,3,2,1,1952,Suburban,Fair,1,612781,73
1369,4944,4,3,1,1992,Rural,Poor,1,395968,33
1370,1459,2,1,1,2004,Rural,Excellent,1,564922,21
1371,1192,3,2,1,1999,Urban,Poor,0,971463,26
1372,4399,5,2,2,1989,Downtown,Good,1,883721,36
1373,4973,1,1,1,1930,Rural,Poor,0,978647,95
1374,3446,3,4,2,1943,Suburban,Poor,1,482809,82
1375,1026,3,2,3,1959,Rural,Good,0,482331,66
1376,3724,5,4,1,1975,Downtown,Fair,1,816505,50
1377,2753,4,2,2,2018,Rural,Good,1,727900,7
1378,3844,2,2,3,1916,Urban,Fair,0,347625,109
1379,4465,5,4,3,1978,Downtown,Good,1,276577,47
1380,2375,2,2,3,1972,Rural,Poor,1,651385,53
1381,2263,4,4,2,1938,Urban,Poor,0,859010,87
1382,1020,3,1,1,1941,Downtown,Fair,1,980291,84
1383,1516,2,4,1,1947,Rural,Fair,1,384192,78
1384,616,1,1,2,1911,Urban,Excellent,0,564771,114
1385,2933,1,2,1,1995,Suburban,Excellent,0,233951,30
1386,1083,5,4,2,1988,Urban,Poor,0,191668,37
1387,894,4,2,1,2002,Suburban,Poor,0,503885,23
1388,4288,5,4,3,1917,Rural,Excellent,0,463146,108
1389,3268,5,1,1,1978,Urban,Excellent,1,229022,47
1390,4667,5,1,2,1995,Suburban,Fair,0,932169,30
1391,4360,1,4,2,1905,Downtown,Good,0,330831,120
1392,773,1,1,3,2021,Urban,Fair,1,496049,4
1393,2513,5,2,2,2007,Rural,Excellent,1,172540,18
1394,4933,1,2,1,1942,Downtown,Poor,1,741349,83
1395,1889,4,3,1,2015,Suburban,Excellent,1,866615,10
1396,4066,5,1,3,1934,Urban,Poor,1,332902,91
1397,665,1,2,2,1997,Urban,Poor,0,706442,28
1398,2067,2,4,3,2001,Rural,Poor,1,812301,24
1399,1228,5,1,1,2019,Downtown,Poor,0,670656,6
1400,2543,5,2,3,1953,Urban,Good,1,620179,72
1401,4697,4,1,2,2020,Urban,Excellent,0,96901,5
1402,3996,3,4,3,1961,Downtown,Fair,1,526728,64
1403,1278,3,2,2,1968,Urban,Poor,0,416056,57
1404,713,4,3,2,1981,Downtown,Poor,0,645350,44
1405,4262,4,3,1,1915,Downtown,Fair,0,539838,110
1406,2076,4,1,1,1907,Downtown,Fair,0,726923,118
1407,2948,3,4,1,1988,Rural,Poor,0,908440,37
1408,3436,4,2,2,1995,Downtown,Fair,0,445991,30
1409,3617,1,4,3,1989,Downtown,Fair,0,983332,36
1410,1091,5,2,2,2015,Suburban,Good,0,553528,10
1411,3220,5,1,1,1985,Suburban,Fair,0,569149,40
1412,1213,2,2,1,1930,Rural,Excellent,0,854406,95
1413,1435,2,4,3,2006,Downtown,Excellent,1,727748,19
1414,4837,5,4,1,1909,Suburban,Excellent,0,654879,116
1415,501,1,1,1,1955,Suburban,Poor,0,302990,70
1416,3348,3,4,1,2020,Urban,Excellent,1,330759,5
1417,4544,3,2,3,1975,Downtown,Good,0,72838,50
1418,2449,1,1,2,2016,Suburban,Excellent,0,352872,9
1419,1417,3,2,1,1991,Rural,Poor,1,690537,34
1420,3674,4,4,3,1969,Urban,Good,1,652288,56
1421,2741,5,1,1,2022,Urban,Excellent,0,364942,3
1422,589,5,2,3,1919,Downtown,Good,1,515992,106
1423,2209,1,4,1,1904,Downtown,Good,0,987126,121
1424,2669,3,4,3,1922,Urban,Poor,0,194608,103
1425,4738,2,3,1,1908,Rural,Poor,0,186772,117
1426,3541,2,4,2,1957,Downtown,Good,1,744199,68
1427,605,3,2,1,1958,Downtown,Excellent,0,846680,67
1428,1386,2,1,3,1992,Urban,Poor,0,95291,33
1429,927,1,3,1,1979,Urban,Good,1,919061,46
1430,2395,1,4,2,1953,Downtown,Fair,0,265963,72
1431,816,3,4,1,1945,Suburban,Fair,0,175612,80
1432,1134,2,4,3,1921,Downtown,Poor,0,591465,104
1433,2425,1,2,3,1963,Suburban,Excellent,0,462699,62
1434,2556,1,3,2,1907,Urban,Fair,0,93815,118
1435,3644,4,2,3,2022,Suburban,Fair,0,874965,3
1436,2770,4,3,1,1919,Rural,Fair,1,836458,106
1437,1939,1,1,1,1950,Urban,Excellent,0,154997,75
1438,1052,3,2,1,1977,Downtown,Excellent,0,110611,48
1439,1215,5,2,3,1938,Downtown,Poor,1,661530,87
1440,4411,5,1,1,1936,Urban,Poor,0,467876,89
1441,2213,1,3,1,1949,Urban,Fair,0,760463,76
1442,3889,1,4,1,1933,Rural,Excellent,1,417057,92
1443,1607,1,1,2,1974,Urban,Good,1,92082,51
1444,4706,3,4,3,2017,Downtown,Fair,1,197330,8
1445,750,4,4,3,2003,Rural,Poor,1,677901,22
1446,2930,1,1,3,1932,Downtown,Excellent,1,934747,93
1447,2554,1,3,2,1930,Suburban,Poor,1,926122,95
1448,958,2,4,3,2022,Urban,Poor,1,145220,3
1449,707,3,1,2,1953,Suburban,Excellent,0,589677,72
1450,1399,1,2,2,1943,Downtown,Fair,0,141860,82
1451,3961,2,2,3,1933,Suburban,Excellent,0,733045,92
1452,3885,5,2,1,2013,Suburban,Fair,1,502436,12
1453,521,1,1,1,1970,Downtown,Poor,0,994699,55
1454,909,1,2,3,2021,Downtown,Excellent,1,71797,4
1455,1394,2,4,3,2012,Urban,Good,0,948407,13
1456,1014,3,2,2,2017,Suburban,Fair,0,933601,8
1457,4609,1,2,3,1961,Rural,Good,0,820227,64
1458,2634,5,4,2,1922,Rural,Fair,0,640620,103
1459,4095,1,2,3,1945,Downtown,Excellent,1,810943,80
1460,3456,5,4,1,1955,Downtown,Good,1,274997,70
1461,2060,4,2,1,1906,Suburban,Excellent,0,506123,119
1462,1766,4,4,3,2017,Downtown,Fair,1,450404,8
1463,2669,5,2,2,1988,Rural,Fair,1,335840,37
1464,4138,3,4,1,1960,Urban,Fair,0,52024,65
1465,1249,1,1,2,1902,Urban,Fair,1,479201,123
1466,3927,1,4,3,2022,Suburban,Poor,1,711944,3
1467,2427,4,2,3,1937,Urban,Fair,1,403142,88
1468,4304,5,2,1,1983,Downtown,Good,1,208116,42
1469,4202,1,3,3,1933,Downtown,Fair,0,831627,92
1470,2856,1,4,1,2012,Downtown,Excellent,0,317429,13
1471,2835,3,1,2,1943,Downtown,Poor,1,506331,82
1472,806,2,4,1,2007,Suburban,Good,0,843802,18
1473,4165,4,4,1,1929,Urban,Poor,0,67903,96
1474,2489,4,1,2,1916,Rural,Poor,0,737859,109
1475,1161,2,4,1,1958,Urban,Poor,1,934336,67
1476,811,1,1,1,1909,Downtown,Excellent,1,859427,116
1477,3420,3,1,3,1998,Rural,Poor,0,417304,27
1478,1582,3,4,2,1983,Suburban,Poor,0,478416,42
1479,3471,4,4,1,1917,Downtown,Fair,1,662665,108
1480,1254,3,2,2,1944,Downtown,Excellent,0,251474,81
1481,4630,2,2,2,2007,Rural,Good,1,456782,18
1482,852,1,3,1,1990,Suburban,Good,0,874254,35
1483,1402,2,3,3,1958,Rural,Good,1,419556,67
1484,4388,5,4,2,1961,Suburban,Excellent,1,887654,64
1485,658,4,1,1,1958,Downtown,Good,1,930520,67
1486,2477,3,3,2,1948,Urban,Excellent,1,543301,77
1487,1456,5,4,3,1999,Downtown,Fair,0,402594,26
1488,2571,3,3,3,1962,Urban,Fair,1,493884,63
1489,903,1,1,3,1986,Urban,Excellent,0,683654,39
1490,3279,1,4,1,1931,Suburban,Good,1,422222,94
1491,1887,1,1,1,1909,Rural,Excellent,1,638141,116
1492,3953,3,4,3,1910,Suburban,Excellent,0,235715,115
1493,1455,5,3,1,2001,Downtown,Poor,0,960226,24
1494,2212,1,2,3,1969,Rural,Excellent,0,203405,56
1495,1773,5,3,1,2022,Urban,Poor,1,459174,3
1496,4311,3,3,3,2004,Urban,Fair,1,626730,21
1497,3125,5,2,2,1961,Downtown,Poor,0,464170,64
1498,2882,3,2,3,1946,Rural,Excellent,1,280755,79
1499,1941,3,4,3,1933,Downtown,Fair,0,583963,92
1500,3479,4,4,1,1999,Downtown,Poor,1,139590,26
1501,2297,3,1,1,2000,Suburban,Excellent,1,420714,25
1502,4890,3,1,1,1916,Downtown,Fair,1,343805,109
1503,4509,2,3,1,2003,Rural,Poor,0,638577,22
1504,1894,1,2,1,2003,Downtown,Excellent,1,67184,22
1505,4781,4,1,1,1953,Rural,Excellent,0,884395,72
1506,1769,4,3,2,1975,Urban,Good,0,731182,50
1507,4214,4,2,3,1984,Downtown,Good,1,505519,41
1508,1029,2,4,3,1939,Rural,Poor,0,257537,86
1509,4123,3,3,3,1918,Urban,Poor,0,841699,107
1510,3458,1,4,2,1966,Rural,Poor,1,233719,59
1511,3414,5,1,3,1981,Urban,Excellent,0,899246,44
1512,4091,3,1,2,1952,Suburban,Poor,0,872457,73
1513,2647,2,2,2,2014,Downtown,Excellent,1,171246,11
1514,3869,3,3,2,1963,Downtown,Poor,1,389749,62
1515,1439,3,4,3,1982,Urban,Excellent,1,706341,43
1516,1025,2,2,2,1946,Suburban,Excellent,0,879868,79
1517,501,4,1,3,1905,Rural,Good,0,723832,120
1518,874,4,1,3,1915,Suburban,Fair,1,200408,110
1519,2840,1,3,1,1971,Rural,Excellent,0,730947,54
1520,4505,1,4,1,2011,Rural,Poor,1,913624,14
1521,3552,4,3,2,1917,Downtown,Good,1,287439,108
1522,2865,5,4,2,1951,Urban,Poor,1,957023,74
1523,2025,3,4,3,1947,Downtown,Poor,0,396655,78
1524,4976,5,3,2,1942,Downtown,Excellent,0,583953,83
1525,2146,3,2,2,1938,Downtown,Excellent,1,732457,87
1526,513,4,3,3,1948,Rural,Fair,1,927709,77
1527,2778,1,3,2,2012,Downtown,Excellent,0,626762,13
1528,3655,1,1,2,1911,Rural,Excellent,1,777333,114
1529,629,5,1,3,2008,Urban,Fair,0,468401,17
1530,4314,1,3,3,1909,Rural,Poor,1,125911,116
1531,3716,4,3,1,1970,Rural,Fair,1,142643,55
1532,3438,5,1,3,2009,Suburban,Fair,0,866916,16
1533,4428,3,4,1,1954,Downtown,Fair,0,309383,71
1534,2540,1,3,2,1900,Downtown,Good,0,413309,125
1535,527,2,2,3,1948,Downtown,Poor,0,226682,77
1536,2613,1,2,3,1935,Downtown,Good,0,756167,90
1537,1752,3,2,3,1920,Suburban,Good,1,862267,105
1538,4856,5,3,2,1936,Suburban,Excellent,1,800639,89
1539,2546,3,4,1,2015,Suburban,Fair,0,146453,10
1540,4523,2,4,2,1923,Suburban,Fair,0,628078,102
1541,4896,4,1,2,1954,Downtown,Good,1,782320,71
1542,3874,1,3,3,1924,Rural,Excellent,1,846075,101
1543,3966,5,4,1,1906,Urban,Excellent,0,387990,119
1544,3581,4,3,2,2005,Suburban,Excellent,0,462167,20
1545,4278,3,1,3,1980,Rural,Poor,1,535320,45
1546,1129,5,1,2,1992,Suburban,Good,0,458449,33
1547,769,4,1,2,1993,Downtown,Poor,1,587488,32
1548,3139,5,2,3,1970,Downtown,Excellent,1,626563,55
1549,2493,2,3,3,1996,Rural,Excellent,0,519284,29
1550,3391,2,1,1,1970,Rural,Excellent,1,925433,55
1551,3932,1,3,2,2021,Rural,Fair,1,726651,4
1552,1780,1,2,3,1923,Downtown,Good,1,354592,102
1553,2860,2,2,3,1910,Downtown,Fair,0,998084,115
1554,1075,5,1,1,1972,Urban,Poor,1,665973,53
1555,1807,2,1,1,1911,Rural,Fair,0,464562,114
1556,3692,1,4,3,1934,Urban,Good,1,847051,91
1557,3678,2,3,1,1962,Suburban,Fair,1,679742,63
1558,3234,2,1,3,1967,Urban,Excellent,1,576054,58
1559,2712,5,4,2,1999,Suburban,Poor,1,839981,26
1560,2852,4,3,1,1991,Suburban,Poor,1,724053,34
1561,4068,1,1,2,1956,Urban,Excellent,0,505235,69
1562,2155,5,4,2,1912,Rural,Excellent,0,540674,113
1563,2079,2,4,2,1922,Suburban,Excellent,1,830644,103
1564,2703,2,3,3,1982,Rural,Good,0,944370,43
1565,1890,4,4,2,2005,Downtown,Fair,0,964105,20
1566,2242,1,3,2,2000,Suburban,Poor,1,543496,25
1567,2425,1,3,2,1938,Downtown,Fair,0,884760,87
1568,1119,3,3,3,1987,Urban,Excellent,0,520917,38
1569,1774,1,2,2,1979,Rural,Excellent,0,270172,46
1570,1456,4,4,2,1996,Urban,Fair,0,75301,29
1571,2439,3,3,1,1911,Suburban,Poor,1,619051,114
1572,4453,3,1,3,1933,Downtown,Good,0,201837,92
1573,2881,2,2,2,1970,Suburban,Fair,1,881219,55
1574,1468,2,2,1,1974,Urban,Excellent,1,957107,51
1575,1816,1,4,3,1930,Rural,Excellent,0,57425,95
1576,1543,3,3,3,1992,Rural,Good,1,325001,33
1577,781,2,4,3,1961,Suburban,Fair,0,233843,64
1578,3344,4,2,3,1912,Suburban,Good,1,405143,113
1579,1558,2,3,3,1930,Downtown,Good,0,465660,95
1580,4793,2,1,3,1901,Urban,Poor,0,833849,124
1581,3032,3,3,2,2002,Suburban,Poor,1,615745,23
1582,4328,3,2,2,1914,Downtown,Excellent,0,545496,111
1583,1508,5,1,2,1956,Suburban,Fair,0,785101,69
1584,1729,4,3,2,1974,Rural,Poor,0,443920,51
1585,1535,3,1,1,1933,Downtown,Excellent,0,579740,92
1586,775,1,1,2,2002,Downtown,Fair,1,161153,23
1587,3240,4,2,3,1967,Suburban,Excellent,1,875294,58
1588,2789,4,1,2,1974,Urban,Poor,1,242543,51
1589,1739,3,4,2,1928,Rural,Excellent,0,529274,97
1590,625,4,2,3,1965,Urban,Fair,1,330444,60
1591,4565,3,4,2,1915,Downtown,Fair,0,977070,110
1592,4812,2,1,2,1938,Urban,Excellent,0,450717,87
1593,4368,5,4,2,1976,Downtown,Fair,0,51845,49
1594,1708,2,3,1,1936,Urban,Excellent,1,169342,89
1595,3749,3,1,2,1980,Suburban,Fair,1,875613,45
1596,1418,3,3,3,1920,Urban,Excellent,1,500479,105
1597,4423,2,4,3,1943,Downtown,Excellent,1,811654,82
1598,4903,1,3,2,2023,Rural,Excellent,0,813292,2
1599,2469,1,1,2,1918,Rural,Good,1,768398,107
1600,3293,1,3,2,1970,Rural,Fair,1,298850,55
1601,1391,3,4,3,2001,Downtown,Poor,1,788650,24
1602,4970,4,4,3,1907,Urban,Excellent,1,297688,118
1603,2533,3,4,1,1976,Rural,Good,0,608692,49
1604,1864,4,1,1,2000,Rural,Poor,1,596852,25
1605,628,2,4,1,1965,Rural,Excellent,1,672186,60
1606,1514,5,1,3,1940,Suburban,Poor,1,330371,85
1607,2299,4,3,1,1974,Downtown,Good,0,570919,51
1608,2018,1,4,2,1987,Downtown,Poor,1,145259,38
1609,4681,3,3,2,1969,Downtown,Excellent,1,174451,56
1610,1698,2,2,3,1960,Downtown,Poor,1,490691,65
1611,4373,1,3,1,1925,Downtown,Poor,0,67215,100
1612,2974,2,2,2,1970,Suburban,Excellent,0,180577,55
1613,3985,5,3,3,2020,Urban,Good,1,832680,5
1614,4549,3,1,1,2002,Suburban,Good,1,121074,23
1615,4219,3,3,2,1982,Rural,Poor,0,989203,43
1616,802,5,1,1,1969,Suburban,Fair,0,682909,56
1617,4452,3,1,3,2006,Downtown,Poor,0,979958,19
1618,1486,4,4,1,1928,Suburban,Fair,0,753577,97
1619,2363,2,1,3,2006,Downtown,Poor,0,156759,19
1620,4940,1,2,1,2002,Suburban,Good,1,178471,23
1621,3572,5,4,2,1965,Downtown,Poor,1,858143,60
1622,3624,4,4,3,1918,Rural,Poor,1,458275,107
1623,1827,1,3,3,1967,Downtown,Fair,1,622686,58
1624,2908,1,1,3,1957,Suburban,Good,0,837718,68
1625,4173,5,1,1,1969,Rural,Fair,0,215369,56
1626,3791,4,2,1,2012,Suburban,Poor,0,682592,13
1627,4533,1,3,2,1956,Rural,Excellent,0,154959,69
1628,1203,1,3,3,1936,Urban,Poor,0,289317,89
1629,1074,4,4,3,1960,Urban,Poor,1,731845,65
1630,3732,3,4,1,1991,Urban,Fair,1,372111,34
1631,3132,1,4,1,1929,Suburban,Excellent,1,934235,96
1632,4328,2,2,2,1970,Suburban,Excellent,1,179745,55
1633,3730,4,2,2,1972,Rural,Fair,1,104583,53
1634,988,1,4,1,1924,Rural,Good,0,698365,101
1635,1847,5,3,3,1996,Rural,Excellent,0,494846,29
1636,4181,2,2,2,1964,Rural,Excellent,0,161359,61
1637,3673,1,3,1,2014,Downtown,Fair,0,601374,11
1638,2167,2,3,1,1905,Urban,Good,0,721844,120
1639,2137,2,1,3,1917,Downtown,Good,1,773983,108
1640,4614,3,4,1,1909,Downtown,Poor,1,678420,116
1641,4053,2,1,1,1991,Downtown,Poor,1,565329,34
1642,1500,3,4,2,1910,Downtown,Fair,0,109263,115
1643,1350,4,4,1,1996,Urban,Good,0,724035,29
1644,1888,3,3,1,1964,Downtown,Fair,0,956587,61
1645,4212,5,4,2,1976,Rural,Poor,0,110664,49
1646,1867,1,3,3,2000,Suburban,Fair,1,467896,25
1647,1321,4,3,3,1983,Rural,Fair,0,984581,42
1648,954,4,4,2,1964,Suburban,Excellent,1,956906,61
1649,2124,5,3,2,1951,Rural,Excellent,0,389112,74
1650,3272,3,3,3,1966,Rural,Excellent,1,970995,59
1651,4226,1,3,3,1981,Suburban,Poor,0,751486,44
1652,3647,3,2,3,2004,Urban,Fair,0,817018,21
1653,4589,2,3,3,1977,Downtown,Excellent,1,446608,48
1654,2690,3,2,3,1930,Rural,Excellent,1,505473,95
1655,1416,4,2,2,1990,Urban,Excellent,0,117804,35
1656,4486,1,3,1,1916,Downtown,Poor,1,874832,109
1657,3375,3,3,3,1954,Urban,Poor,0,479767,71
1658,1940,1,2,3,2009,Urban,Fair,0,864520,16
1659,4900,1,2,1,1992,Downtown,Fair,1,261087,33
1660,1235,2,3,1,1935,Rural,Fair,0,992969,90
1661,4068,2,3,1,2000,Urban,Excellent,0,491371,25
1662,3838,4,4,1,1925,Rural,Good,1,137893,100
1663,3515,5,2,1,1952,Rural,Poor,0,842401,73
1664,3389,1,2,1,1916,Rural,Excellent,0,58981,109
1665,1461,5,4,2,1985,Downtown,Excellent,0,464248,40
1666,3489,4,2,1,1924,Suburban,Fair,0,366235,101
1667,4348,1,1,1,1901,Rural,Fair,1,157154,124
1668,1526,1,2,2,2018,Suburban,Excellent,1,336552,7
1669,4365,5,4,1,1985,Suburban,Poor,1,729601,40
1670,3363,3,1,3,1904,Urban,Poor,0,884372,121
1671,3001,2,3,3,1903,Rural,Excellent,1,526154,122
1672,2447,3,4,1,1935,Rural,Good,1,756465,90
1673,1677,5,4,2,1905,Rural,Good,1,242122,120
1674,511,2,3,3,2015,Suburban,Poor,0,53657,10
1675,4899,3,4,2,1920,Downtown,Fair,1,857662,105
1676,3864,2,2,3,1976,Suburban,Good,1,986184,49
1677,3522,1,3,1,2017,Rural,Good,0,263766,8
1678,3871,3,4,2,2000,Rural,Fair,0,659019,25
1679,3330,2,3,2,2018,Rural,Good,0,223412,7
1680,542,2,3,2,1988,Suburban,Excellent,0,741310,37
1681,1443,2,3,3,1925,Rural,Good,0,713227,100
1682,2890,3,1,3,1954,Urban,Fair,0,783902,71
1683,3045,4,4,3,1938,Rural,Excellent,1,54329,87
1684,2911,3,1,1,1983,Downtown,Good,1,348009,42
1685,1504,5,4,3,1932,Urban,Poor,0,772300,93
1686,520,3,2,1,1913,Rural,Excellent,0,569897,112
1687,906,2,2,2,1955,Urban,Excellent,1,87869,70
1688,1514,1,2,2,1999,Rural,Poor,0,247977,26
1689,4931,3,4,1,1980,Downtown,Poor,0,956617,45
1690,2338,3,3,3,1920,Rural,Good,1,548185,105
1691,3688,2,3,1,1945,Urban,Good,0,133984,80
1692,1214,1,1,2,1915,Downtown,Fair,0,961604,110
1693,4646,1,1,2,2009,Suburban,Fair,1,151069,16
1694,4354,5,2,1,1915,Downtown,Excellent,1,298577,110
1695,4919,3,1,3,2019,Downtown,Poor,1,926143,6
1696,640,1,4,3,1983,Downtown,Poor,1,378396,42
1697,1463,1,4,1,1928,Urban,Fair,1,391530,97
1698,872,4,1,1,1991,Downtown,Excellent,0,168728,34
1699,4135,4,1,3,1907,Rural,Excellent,0,573846,118
1700,3041,1,1,2,1987,Downtown,Fair,0,969215,38
1701,4110,5,1,1,1902,Downtown,Fair,0,75801,123
1702,2192,1,2,3,1988,Rural,Fair,0,792647,37
1703,605,2,2,3,1918,Rural,Good,1,809925,107
1704,2181,3,1,2,1996,Suburban,Excellent,0,664997,29
1705,4597,5,4,2,1965,Downtown,Excellent,0,365414,60
1706,4516,2,2,2,1978,Urban,Excellent,0,514838,47
1707,3136,5,4,2,1985,Downtown,Fair,0,891967,40
1708,2637,2,3,2,2023,Downtown,Fair,0,305560,2
1709,3916,3,4,1,1973,Rural,Fair,1,818026,52
1710,4945,3,1,3,1981,Suburban,Fair,0,782119,44
1711,4030,4,3,1,1921,Downtown,Poor,0,66220,104
1712,1786,2,2,1,1945,Urban,Fair,0,325536,80
1713,3679,4,2,1,2012,Downtown,Good,0,528803,13
1714,4154,2,3,1,1990,Urban,Poor,0,445462,35
1715,2859,4,4,1,1912,Rural,Poor,0,332154,113
1716,944,3,2,2,1932,Suburban,Fair,1,176951,93
1717,535,5,1,2,1904,Downtown,Excellent,0,380502,121
1718,1975,4,3,3,1989,Suburban,Fair,1,533419,36
1719,4457,2,1,1,1976,Downtown,Excellent,1,198306,49
1720,2298,2,3,3,1926,Urban,Fair,0,932622,99
1721,2345,3,2,2,2020,Suburban,Fair,0,690083,5
1722,1908,2,4,2,1977,Downtown,Excellent,0,492667,48
1723,2208,1,3,2,1923,Rural,Excellent,1,959222,102
1724,3438,5,3,1,1966,Urban,Excellent,0,175223,59
1725,1800,4,1,1,2010,Suburban,Excellent,0,572886,15
1726,1743,5,2,2,2014,Downtown,Good,0,649493,11
1727,4476,3,1,3,1962,Suburban,Excellent,1,465000,63
1728,3597,4,2,3,2012,Downtown,Fair,1,997176,13
1729,509,4,1,2,1993,Urban,Fair,0,51082,32
1730,2925,1,3,3,1998,Rural,Good,1,454364,27
1731,2160,3,1,2,1947,Urban,Excellent,0,208566,78
1732,3131,2,4,3,1962,Suburban,Fair,1,911525,63
1733,1572,1,2,2,1977,Suburban,Good,0,364096,48
1734,3725,1,2,3,1911,Downtown,Fair,1,86719,114
1735,1816,5,3,1,1927,Urban,Good,0,98737,98
1736,4645,5,2,2,1943,Downtown,Good,0,502669,82
1737,4183,5,4,2,1992,Urban,Poor,1,157271,33
1738,3773,1,1,3,1942,Suburban,Poor,1,744896,83
1739,645,2,3,2,1916,Downtown,Excellent,1,231676,109
1740,3540,4,4,2,1939,Downtown,Poor,1,494049,86
1741,1962,5,2,2,1948,Urban,Good,1,981543,77
1742,2084,2,2,1,1984,Rural,Fair,0,642127,41
1743,982,3,4,1,1956,Urban,Fair,0,884363,69
1744,3679,5,1,3,1986,Rural,Excellent,1,352069,39
1745,1749,4,1,1,1983,Urban,Poor,0,232075,42
1746,1130,3,3,3,1963,Suburban,Excellent,0,492113,62
1747,1161,3,2,1,1974,Downtown,Good,1,137745,51
1748,4003,4,4,3,1956,Urban,Poor,0,176298,69
1749,3352,5,1,1,2020,Suburban,Excellent,0,667997,5
1750,2966,1,3,1,1997,Urban,Fair,1,354431,28
1751,1487,4,2,3,1973,Downtown,Fair,1,796086,52
1752,2046,4,2,2,1973,Urban,Excellent,0,476228,52
1753,1149,4,3,2,2006,Rural,Excellent,1,681540,19
1754,1468,3,3,1,2023,Downtown,Excellent,0,747143,2
1755,3137,2,1,3,1969,Rural,Good,1,421467,56
1756,1600,1,4,2,1999,Suburban,Good,1,511531,26
1757,940,5,2,3,1987,Suburban,Fair,1,789126,38
1758,1269,5,4,2,1975,Urban,Good,1,489707,50
1759,1843,2,2,3,1942,Rural,Good,0,270013,83
1760,4858,4,2,1,2018,Rural,Poor,1,501800,7
1761,4229,1,4,3,1922,Downtown,Good,1,849235,103
1762,4406,5,3,2,1926,Rural,Poor,0,230697,99
1763,2077,5,1,1,1957,Rural,Good,0,693107,68
1764,4508,4,2,3,2020,Downtown,Fair,0,929793,5
1765,3851,2,3,2,2008,Downtown,Excellent,0,63698,17
1766,2849,1,2,1,1936,Rural,Fair,1,65376,89
1767,4102,2,1,3,1905,Urban,Good,0,526870,120
1768,1741,2,2,2,1964,Downtown,Excellent,1,325261,61
1769,1625,1,1,3,1905,Downtown,Excellent,0,286591,120
1770,3101,1,1,3,1949,Rural,Excellent,1,481172,76
1771,1690,5,2,1,1921,Rural,Poor,0,98786,104
1772,4631,5,2,1,2004,Downtown,Fair,1,687293,21
1773,4948,1,1,2,1987,Rural,Poor,1,268850,38
1774,572,3,3,1,1924,Downtown,Excellent,0,378624,101
1775,2414,5,4,2,1978,Urban,Fair,1,737055,47
1776,2972,3,1,3,1989,Urban,Fair,1,969015,36
1777,3546,1,2,3,1971,Downtown,Good,1,889665,54
1778,1207,5,2,2,1950,Downtown,Poor,1,423166,75
1779,2304,2,3,3,1987,Suburban,Poor,0,465718,38
1780,4213,1,4,1,1947,Suburban,Good,1,493226,78
1781,3064,4,1,3,2001,Rural,Poor,1,142529,24
1782,2975,3,1,1,1969,Rural,Excellent,0,517121,56
1783,4110,1,4,2,2017,Downtown,Excellent,0,815784,8
1784,4755,1,1,2,1998,Downtown,Poor,0,489705,27
1785,3323,5,4,3,2005,Suburban,Good,1,675207,20
1786,2235,5,2,3,1964,Suburban,Fair,1,919965,61
1787,2085,5,4,1,1959,Downtown,Poor,0,524381,66
1788,566,4,1,1,1945,Urban,Fair,1,999453,80
1789,3561,5,4,3,1935,Urban,Good,0,522803,90
1790,2928,1,3,3,1957,Rural,Fair,1,536275,68
1791,4653,5,2,2,1975,Downtown,Good,0,772670,50
1792,841,2,2,2,1937,Downtown,Good,1,259870,88
1793,3274,5,4,2,1910,Rural,Excellent,0,643695,115
1794,3317,4,1,3,1911,Suburban,Excellent,1,648097,114
1795,3161,2,3,3,1941,Suburban,Good,0,329373,84
1796,1732,1,2,3,2013,Urban,Poor,1,994889,12
1797,4374,1,2,2,1938,Downtown,Excellent,1,616464,87
1798,2901,3,1,3,1970,Suburban,Good,1,669113,55
1799,1994,2,1,1,1910,Urban,Fair,0,970764,115
1800,4711,3,3,3,1935,Urban,Fair,1,147555,90
1801,1161,2,4,3,1951,Urban,Poor,1,577433,74
1802,4383,2,1,3,1930,Suburban,Fair,1,147289,95
1803,4119,4,4,3,1932,Suburban,Fair,0,713162,93
1804,2368,3,3,3,1912,Downtown,Good,1,838695,113
1805,2834,4,4,1,1917,Downtown,Fair,0,470129,108
1806,3874,2,2,1,1940,Urban,Fair,1,107788,85
1807,1516,1,4,3,1957,Urban,Fair,0,713515,68
1808,4906,2,3,2,1955,Suburban,Fair,0,706282,70
1809,707,4,3,3,1923,Suburban,Good,1,777591,102
1810,3165,3,3,3,1972,Downtown,Fair,0,201744,53
1811,2993,3,4,3,1930,Downtown,Poor,0,219598,95
1812,1132,4,2,2,1954,Rural,Excellent,1,881776,71
1813,2602,3,1,2,2004,Downtown,Poor,0,959251,21
1814,3459,5,2,2,1909,Suburban,Excellent,0,462230,116
1815,3583,1,4,1,1959,Urban,Poor,0,647640,66
1816,2431,1,4,2,1901,Rural,Excellent,0,534495,124
1817,4219,1,1,1,2001,Downtown,Excellent,1,352468,24
1818,3062,3,4,1,1914,Downtown,Excellent,0,557745,111
1819,2179,3,3,2,1902,Suburban,Excellent,0,930507,123
1820,736,2,3,2,1942,Rural,Good,1,276710,83
1821,4943,2,3,2,1930,Downtown,Poor,1,744058,95
1822,2040,1,3,1,1969,Urban,Excellent,0,913601,56
1823,4443,5,3,3,1966,Suburban,Poor,1,859816,59
1824,863,2,4,2,1955,Rural,Fair,1,577800,70
1825,2868,2,1,2,1962,Downtown,Excellent,1,973570,63
1826,785,3,1,2,1974,Downtown,Poor,1,736860,51
1827,648,5,3,1,1914,Rural,Good,1,173775,111
1828,4537,1,4,1,2008,Suburban,Poor,1,128743,17
1829,2266,2,2,3,2015,Rural,Excellent,1,397786,10
1830,1512,5,2,2,1991,Rural,Fair,1,441731,34
1831,3331,5,4,1,1909,Suburban,Poor,1,654146,116
1832,3007,1,3,3,1937,Downtown,Fair,0,629088,88
1833,2023,5,1,2,1946,Urban,Good,0,506356,79
1834,3285,5,4,1,1956,Suburban,Poor,0,674652,69
1835,3056,5,2,2,1949,Urban,Poor,0,555533,76
1836,4225,2,2,2,2013,Downtown,Good,0,314531,12
1837,2101,1,2,1,1970,Rural,Good,1,237232,55
1838,2908,5,3,1,1914,Urban,Good,1,778927,111
1839,840,5,2,1,1917,Downtown,Excellent,0,182871,108
1840,3317,2,4,2,1981,Downtown,Excellent,0,169095,44
1841,2996,1,4,2,2015,Rural,Poor,1,609836,10
1842,2225,3,2,3,2004,Rural,Poor,0,140450,21
1843,2189,2,4,2,1987,Downtown,Poor,1,679957,38
1844,3767,1,2,1,1901,Downtown,Fair,0,916603,124
1845,4906,5,2,2,2003,Urban,Good,1,483595,22
1846,761,1,1,3,1983,Downtown,Poor,0,357558,42
1847,1942,1,3,3,1997,Downtown,Good,1,647359,28
1848,905,1,3,1,1942,Urban,Excellent,0,687096,83
1849,2690,3,1,1,1925,Suburban,Good,0,550884,100
1850,4937,1,1,3,1970,Urban,Fair,1,128591,55
1851,743,3,3,3,1937,Urban,Fair,1,798501,88
1852,4607,5,2,3,1993,Rural,Good,0,316441,32
1853,1060,3,2,1,1941,Urban,Fair,0,683801,84
1854,4637,5,3,3,1904,Downtown,Fair,1,965100,121
1855,3225,5,2,3,1910,Downtown,Excellent,1,922911,115
1856,1093,3,1,1,1964,Downtown,Poor,1,148752,61
1857,2326,2,2,2,1933,Suburban,Fair,0,186080,92
1858,3729,4,2,2,2019,Downtown,Poor,0,267885,6
1859,3787,1,4,3,1900,Suburban,Good,1,427625,125
1860,4573,4,4,2,1982,Downtown,Good,0,197892,43
1861,633,1,4,2,1901,Urban,Fair,0,514764,124
1862,3638,1,2,2,1984,Rural,Good,1,203325,41
1863,4419,5,3,2,1919,Downtown,Excellent,0,472418,106
1864,572,1,1,3,1960,Suburban,Fair,1,996740,65
1865,4994,1,2,2,1986,Suburban,Fair,1,641444,39
1866,4725,3,3,2,1920,Rural,Fair,0,817248,105
1867,3478,4,2,1,1987,Downtown,Good,0,110263,38
1868,4861,3,1,3,1967,Urban,Good,1,955428,58
1869,2485,1,2,1,1911,Downtown,Fair,1,673540,114
1870,1292,5,1,1,1921,Downtown,Poor,1,168632,104
1871,4759,3,2,3,1919,Rural,Good,0,911287,106
1872,594,3,1,2,1981,Downtown,Good,1,66575,44
1873,1633,2,2,1,1900,Urban,Fair,1,324348,125
1874,737,1,1,3,1929,Suburban,Poor,1,61952,96
1875,3446,5,4,2,1996,Rural,Fair,1,569826,29
1876,3030,3,2,3,1923,Urban,Good,0,133323,102
1877,2460,3,2,1,1913,Suburban,Fair,0,756502,112
1878,1548,5,3,2,1935,Rural,Fair,1,214944,90
1879,3029,1,3,2,1968,Rural,Fair,0,734736,57
1880,3464,2,1,3,1974,Suburban,Poor,0,771444,51
1881,1463,3,2,2,1923,Suburban,Fair,0,192712,102
1882,1036,2,1,1,1959,Urban,Good,1,338581,66
1883,4723,4,4,1,1994,Downtown,Fair,0,177129,31
1884,4179,1,3,1,1954,Downtown,Poor,0,924113,71
1885,4687,4,1,3,1976,Downtown,Excellent,1,828810,49
1886,4224,4,1,2,1979,Downtown,Poor,1,582191,46
1887,1042,4,3,2,1923,Downtown,Fair,0,264776,102
1888,1345,1,2,2,1976,Urban,Excellent,0,601151,49
1889,4103,1,1,1,1923,Rural,Fair,1,355525,102
1890,3536,5,3,2,1953,Urban,Poor,1,864980,72
1891,2994,2,2,1,1925,Urban,Excellent,1,493172,100
1892,4985,2,4,2,1965,Urban,Excellent,1,585755,60
1893,3219,5,3,1,1979,Rural,Fair,0,370098,46
1894,2384,5,1,2,1937,Urban,Fair,1,336045,88
1895,4638,4,4,3,2009,Urban,Poor,0,859733,16
1896,4849,5,2,3,1964,Rural,Fair,0,961118,61
1897,3701,3,2,1,2012,Urban,Excellent,0,807902,13
1898,3210,2,3,1,1974,Downtown,Good,1,921612,51
1899,2453,5,3,2,1950,Suburban,Good,1,644191,75
1900,4350,3,3,2,1934,Urban,Poor,0,416099,91
1901,1189,3,2,3,1942,Suburban,Fair,0,983708,83
1902,2450,3,4,2,1928,Urban,Poor,0,594043,97
1903,956,3,2,1,1936,Urban,Good,0,371961,89
1904,2630,4,1,1,1980,Downtown,Good,0,838525,45
1905,4476,3,2,1,1957,Rural,Fair,1,306094,68
1906,4744,4,1,1,1953,Suburban,Excellent,1,512753,72
1907,1679,4,4,1,1938,Rural,Fair,1,932751,87
1908,4785,3,3,3,1941,Downtown,Good,0,335084,84
1909,4065,2,3,3,1927,Downtown,Excellent,0,749400,98
1910,1382,3,2,1,1928,Suburban,Poor,1,703002,97
1911,899,3,3,2,1942,Rural,Good,1,141544,83
1912,1108,3,4,1,1902,Downtown,Poor,0,658725,123
1913,2138,2,3,3,2015,Urban,Excellent,1,405113,10
1914,2648,1,2,1,1909,Urban,Poor,1,157001,116
1915,1882,1,4,3,1958,Urban,Good,1,137725,67
1916,1903,4,1,3,2005,Rural,Fair,0,427928,20
1917,1319,4,2,1,1913,Urban,Poor,0,160675,112
1918,3792,2,1,1,1975,Urban,Good,1,144266,50
1919,1319,5,4,2,1946,Downtown,Good,0,321380,79
1920,919,1,2,3,1941,Downtown,Excellent,1,909029,84
1921,4719,4,2,2,1993,Urban,Good,1,265196,32
1922,3802,1,4,1,1931,Urban,Fair,0,184974,94
1923,2008,2,3,3,1931,Downtown,Fair,0,673944,94
1924,1267,2,2,2,1941,Suburban,Poor,0,346508,84
1925,2544,5,2,2,1931,Rural,Poor,1,681359,94
1926,2639,5,1,2,1925,Rural,Poor,1,406554,100
1927,3529,2,3,1,2014,Downtown,Poor,1,201168,11
1928,2049,4,1,1,1900,Rural,Fair,0,193092,125
1929,2264,1,1,1,1955,Downtown,Excellent,1,632761,70
1930,3145,3,3,3,2021,Downtown,Poor,1,291472,4
1931,4216,5,3,1,2005,Downtown,Excellent,1,356297,20
1932,4981,3,4,3,1901,Downtown,Good,1,222349,124
1933,2793,4,3,2,1980,Suburban,Good,0,350646,45
1934,3208,5,2,2,1929,Urban,Poor,0,65675,96
1935,1400,3,3,1,2019,Urban,Good,0,991869,6
1936,3584,4,4,2,2002,Suburban,Excellent,1,168384,23
1937,2509,1,4,1,1970,Rural,Excellent,1,128229,55
1938,741,4,4,3,1951,Rural,Good,1,663337,74
1939,2885,5,3,2,1990,Urban,Poor,0,757508,35
1940,4768,2,3,1,1908,Rural,Excellent,0,401301,117
1941,1171,1,1,2,1921,Urban,Excellent,0,270319,104
1942,663,3,1,2,1933,Urban,Fair,0,679999,92
1943,964,5,2,1,2009,Suburban,Poor,0,684378,16
1944,3542,2,1,2,1948,Rural,Fair,1,929753,77
1945,2942,4,2,2,1900,Suburban,Good,0,776262,125
1946,2855,2,4,2,1972,Urban,Good,0,862897,53
1947,4778,5,1,2,1983,Urban,Fair,0,868718,42
1948,3057,5,3,3,1952,Urban,Poor,1,104795,73
1949,1045,2,1,2,1982,Downtown,Excellent,0,420283,43
1950,4335,4,2,2,1999,Downtown,Good,0,784543,26
1951,1093,2,1,1,2023,Downtown,Poor,0,153845,2
1952,4304,5,4,3,1939,Suburban,Poor,1,362130,86
1953,1959,5,3,1,1944,Urban,Good,1,387540,81
1954,3993,3,2,1,1967,Rural,Good,0,891610,58
1955,3101,3,3,1,1908,Suburban,Poor,0,847177,117
1956,2944,1,3,3,2004,Suburban,Excellent,0,828520,21
1957,3172,5,2,1,1921,Suburban,Fair,0,303730,104
1958,4700,3,3,1,1917,Rural,Good,1,253426,108
1959,516,2,3,1,1975,Urban,Fair,0,916069,50
1960,3691,4,1,2,2005,Downtown,Poor,1,972532,20
1961,892,2,3,1,1942,Urban,Fair,0,279333,83
1962,924,4,3,3,1938,Urban,Excellent,1,622854,87
1963,1071,3,3,3,1972,Suburban,Poor,1,880154,53
1964,4131,1,3,2,1905,Suburban,Excellent,0,923055,120
1965,1620,2,2,3,1982,Suburban,Poor,1,423218,43
1966,741,2,4,3,1947,Downtown,Excellent,0,649262,78
1967,4397,2,1,2,2010,Downtown,Poor,1,526908,15
1968,4595,4,3,1,1906,Downtown,Excellent,1,396228,119
1969,2779,3,3,2,1979,Urban,Poor,0,220951,46
1970,1288,2,2,1,1968,Suburban,Excellent,0,467983,57
1971,1214,2,4,1,1915,Rural,Poor,1,298595,110
1972,3349,1,3,3,1900,Urban,Excellent,1,953785,125
1973,1275,1,2,2,2014,Downtown,Good,0,678705,11
1974,4526,3,1,3,1936,Rural,Fair,0,904531,89
1975,2747,3,1,3,2002,Rural,Poor,0,229729,23
1976,578,5,3,1,1982,Suburban,Excellent,1,189570,43
1977,4426,1,3,3,2017,Rural,Good,0,254739,8
1978,1355,5,4,2,1936,Downtown,Poor,0,337251,89
1979,2648,4,4,3,1980,Suburban,Poor,1,734153,45
1980,1531,5,3,3,1963,Rural,Poor,0,970200,62
1981,3771,2,2,1,1989,Suburban,Fair,0,890271,36
1982,4076,5,4,2,1985,Rural,Excellent,0,663529,40
1983,4682,3,3,3,1961,Urban,Excellent,0,597685,64
1984,3956,4,4,1,1971,Urban,Poor,1,581992,54
1985,4006,2,3,3,1960,Downtown,Poor,0,852874,65
1986,907,5,1,2,1932,Urban,Poor,0,769148,93
1987,3211,4,3,3,1965,Urban,Good,0,179576,60
1988,3588,4,1,3,1929,Urban,Poor,0,59765,96
1989,2168,2,4,1,2010,Rural,Fair,0,427972,15
1990,647,5,3,3,1919,Rural,Excellent,0,60002,106
1991,4827,4,4,1,1959,Suburban,Fair,1,834141,66
1992,4397,4,1,2,1981,Rural,Poor,1,847822,44
1993,2450,1,3,3,2006,Urban,Good,1,225508,19
1994,865,4,4,2,2020,Rural,Poor,0,308446,5
1995,2174,1,1,2,1973,Downtown,Poor,0,527698,52
1996,4994,5,4,3,1923,Suburban,Poor,0,295620,102
1997,3046,5,2,1,2019,Suburban,Poor,1,580929,6
1998,1062,5,1,2,1903,Rural,Poor,0,476925,122
1999,4062,3,1,2,1936,Urban,Excellent,1,161119,89
2000,2989,5,1,3,1903,Suburban,Fair,0,482525,122
